nodes,response_QA,solution_QA,cost_QA,response_SA,solution_SA,cost_SA,tsp,qubo
"[[0.66083966 9.36939755]
 [1.98485729 7.62491491]
 [1.54206421 1.18410071]
 [2.01555644 3.15713817]
 [7.83888128 8.77009394]
 [1.4779611  4.16581664]
 [0.6508892  6.31063212]
 [6.6267559  5.45120931]
 [9.73821452 2.20299234]
 [3.50140032 5.36660266]]",[0 0 0 0 0 0 0 1 0 0 0 0 0 0 0 0 1 0 0 0 0 0 0 0 0 0 0 0 0 1 0 0 1 0 0 0 0 0 1 0 1 0 0 0 0 0 0 0 0 0 0 0 0 0 1 0 0 0 0 0 0 0 0 0 0 1 0 0 0 0 0 0 0 0 0 1 0 0 0 0 0 0 0 1 0 0 0 0 0 0 0 0 0 0 0 0 0 0 0 1],[7 6 1 2 0 4 5 8 3 9],59.71,[0 0 0 0 0 0 0 0 1 0 0 0 0 0 0 0 0 0 1 0 0 0 0 1 0 0 0 0 0 0 0 0 0 0 0 0 0 0 0 1 1 0 0 0 0 0 0 0 0 0 0 1 0 0 0 0 0 0 0 0 0 0 0 0 0 0 0 0 0 0 0 0 0 0 0 1 0 0 0 0 0 0 0 0 0 0 1 0 0 0 0 0 0 0 0 0 0 1 0 0],[8 2 3 9 0 1 4 5 6 7],46.7,"[[ 0.          2.1900325   8.23259625  6.35825638  7.20301647  5.26734675  3.05878161  7.13753148 11.56529714  4.90827381]
 [ 2.1900325   0.          6.45601683  4.46788221  5.96498381  3.49604127  1.87264789  5.12564325  9.46106721  2.72027149]
 [ 8.23259625  6.45601683  0.          2.02905685  9.85886396  2.98240492  5.20341399  6.63794436  8.25923847  4.61869252]
 [ 6.35825638  4.46788221  2.02905685  0.          8.08803961  1.1429965   3.43610838  5.15033231  7.7813779   2.662605  ]
 [ 7.20301647  5.96498381  9.85886396  8.08803961  0.          7.85243115  7.59711673  3.53330484  6.83624825  5.51339224]
 [ 5.26734675  3.49604127  2.98240492  1.1429965   7.85243115  0.          2.29875648  5.30681846  8.49025711  2.35291167]
 [ 3.05878161  1.87264789  5.20341399  3.43610838  7.59711673  2.29875648  0.          6.03734962  9.97257169  3.00276627]
 [ 7.13753148  5.12564325  6.63794436  5.15033231  3.53330484  5.30681846  6.03734962  0.          4.49800936  3.12650057]
 [11.56529714  9.46106721  8.25923847  7.7813779   6.83624825  8.49025711  9.97257169  4.49800936  0.          6.99330263]
 [ 4.90827381  2.72027149  4.61869252  2.662605    5.51339224  2.35291167  3.00276627  3.12650057  6.99330263  0.        ]]","{(0, 11): 2.190032503368885, (0, 12): 8.232596253092744, (0, 13): 6.358256377216286, (0, 14): 7.2030164733541495, (0, 15): 5.267346745243198, (0, 16): 3.0587816148619207, (0, 17): 7.137531482716559, (0, 18): 11.565297142005265, (0, 19): 4.908273810062938, (1, 10): 2.190032503368885, (1, 12): 6.456016827008549, (1, 13): 4.467882209313014, (1, 14): 5.964983812739751, (1, 15): 3.4960412739201905, (1, 16): 1.8726478892809595, (1, 17): 5.125643251435989, (1, 18): 9.461067206772642, (1, 19): 2.720271490190206, (2, 10): 8.232596253092744, (2, 11): 6.456016827008549, (2, 13): 2.0290568524399766, (2, 14): 9.858863955783608, (2, 15): 2.9824049181704746, (2, 16): 5.203413994308457, (2, 17): 6.637944364526492, (2, 18): 8.259238467183106, (2, 19): 4.618692515604793, (3, 10): 6.358256377216286, (3, 11): 4.467882209313014, (3, 12): 2.0290568524399766, (3, 14): 8.088039605994602, (3, 15): 1.1429965028079732, (3, 16): 3.436108375563236, (3, 17): 5.150332305326055, (3, 18): 7.781377904040882, (3, 19): 2.6626049966723215, (4, 10): 7.2030164733541495, (4, 11): 5.964983812739751, (4, 12): 9.858863955783608, (4, 13): 8.088039605994602, (4, 15): 7.85243115166421, (4, 16): 7.597116728481961, (4, 17): 3.533304844489134, (4, 18): 6.8362482533398, (4, 19): 5.513392238123328, (5, 10): 5.267346745243198, (5, 11): 3.4960412739201905, (5, 12): 2.9824049181704746, (5, 13): 1.1429965028079732, (5, 14): 7.85243115166421, (5, 16): 2.2987564836270153, (5, 17): 5.306818463881799, (5, 18): 8.490257110081659, (5, 19): 2.352911673408428, (6, 10): 3.0587816148619207, (6, 11): 1.8726478892809595, (6, 12): 5.203413994308457, (6, 13): 3.436108375563236, (6, 14): 7.597116728481961, (6, 15): 2.2987564836270153, (6, 17): 6.037349615726853, (6, 18): 9.972571686067317, (6, 19): 3.002766269057841, (7, 10): 7.137531482716559, (7, 11): 5.125643251435989, (7, 12): 6.637944364526492, (7, 13): 5.150332305326055, (7, 14): 3.533304844489134, (7, 15): 5.306818463881799, (7, 16): 6.037349615726853, (7, 18): 4.498009362836886, (7, 19): 3.126500565594281, (8, 10): 11.565297142005265, (8, 11): 9.461067206772642, (8, 12): 8.259238467183106, (8, 13): 7.781377904040882, (8, 14): 6.8362482533398, (8, 15): 8.490257110081659, (8, 16): 9.972571686067317, (8, 17): 4.498009362836886, (8, 19): 6.993302626236916, (9, 10): 4.908273810062938, (9, 11): 2.720271490190206, (9, 12): 4.618692515604793, (9, 13): 2.6626049966723215, (9, 14): 5.513392238123328, (9, 15): 2.352911673408428, (9, 16): 3.002766269057841, (9, 17): 3.126500565594281, (9, 18): 6.993302626236916, (10, 21): 2.190032503368885, (10, 22): 8.232596253092744, (10, 23): 6.358256377216286, (10, 24): 7.2030164733541495, (10, 25): 5.267346745243198, (10, 26): 3.0587816148619207, (10, 27): 7.137531482716559, (10, 28): 11.565297142005265, (10, 29): 4.908273810062938, (11, 20): 2.190032503368885, (11, 22): 6.456016827008549, (11, 23): 4.467882209313014, (11, 24): 5.964983812739751, (11, 25): 3.4960412739201905, (11, 26): 1.8726478892809595, (11, 27): 5.125643251435989, (11, 28): 9.461067206772642, (11, 29): 2.720271490190206, (12, 20): 8.232596253092744, (12, 21): 6.456016827008549, (12, 23): 2.0290568524399766, (12, 24): 9.858863955783608, (12, 25): 2.9824049181704746, (12, 26): 5.203413994308457, (12, 27): 6.637944364526492, (12, 28): 8.259238467183106, (12, 29): 4.618692515604793, (13, 20): 6.358256377216286, (13, 21): 4.467882209313014, (13, 22): 2.0290568524399766, (13, 24): 8.088039605994602, (13, 25): 1.1429965028079732, (13, 26): 3.436108375563236, (13, 27): 5.150332305326055, (13, 28): 7.781377904040882, (13, 29): 2.6626049966723215, (14, 20): 7.2030164733541495, (14, 21): 5.964983812739751, (14, 22): 9.858863955783608, (14, 23): 8.088039605994602, (14, 25): 7.85243115166421, (14, 26): 7.597116728481961, (14, 27): 3.533304844489134, (14, 28): 6.8362482533398, (14, 29): 5.513392238123328, (15, 20): 5.267346745243198, (15, 21): 3.4960412739201905, (15, 22): 2.9824049181704746, (15, 23): 1.1429965028079732, (15, 24): 7.85243115166421, (15, 26): 2.2987564836270153, (15, 27): 5.306818463881799, (15, 28): 8.490257110081659, (15, 29): 2.352911673408428, (16, 20): 3.0587816148619207, (16, 21): 1.8726478892809595, (16, 22): 5.203413994308457, (16, 23): 3.436108375563236, (16, 24): 7.597116728481961, (16, 25): 2.2987564836270153, (16, 27): 6.037349615726853, (16, 28): 9.972571686067317, (16, 29): 3.002766269057841, (17, 20): 7.137531482716559, (17, 21): 5.125643251435989, (17, 22): 6.637944364526492, (17, 23): 5.150332305326055, (17, 24): 3.533304844489134, (17, 25): 5.306818463881799, (17, 26): 6.037349615726853, (17, 28): 4.498009362836886, (17, 29): 3.126500565594281, (18, 20): 11.565297142005265, (18, 21): 9.461067206772642, (18, 22): 8.259238467183106, (18, 23): 7.781377904040882, (18, 24): 6.8362482533398, (18, 25): 8.490257110081659, (18, 26): 9.972571686067317, (18, 27): 4.498009362836886, (18, 29): 6.993302626236916, (19, 20): 4.908273810062938, (19, 21): 2.720271490190206, (19, 22): 4.618692515604793, (19, 23): 2.6626049966723215, (19, 24): 5.513392238123328, (19, 25): 2.352911673408428, (19, 26): 3.002766269057841, (19, 27): 3.126500565594281, (19, 28): 6.993302626236916, (20, 31): 2.190032503368885, (20, 32): 8.232596253092744, (20, 33): 6.358256377216286, (20, 34): 7.2030164733541495, (20, 35): 5.267346745243198, (20, 36): 3.0587816148619207, (20, 37): 7.137531482716559, (20, 38): 11.565297142005265, (20, 39): 4.908273810062938, (21, 30): 2.190032503368885, (21, 32): 6.456016827008549, (21, 33): 4.467882209313014, (21, 34): 5.964983812739751, (21, 35): 3.4960412739201905, (21, 36): 1.8726478892809595, (21, 37): 5.125643251435989, (21, 38): 9.461067206772642, (21, 39): 2.720271490190206, (22, 30): 8.232596253092744, (22, 31): 6.456016827008549, (22, 33): 2.0290568524399766, (22, 34): 9.858863955783608, (22, 35): 2.9824049181704746, (22, 36): 5.203413994308457, (22, 37): 6.637944364526492, (22, 38): 8.259238467183106, (22, 39): 4.618692515604793, (23, 30): 6.358256377216286, (23, 31): 4.467882209313014, (23, 32): 2.0290568524399766, (23, 34): 8.088039605994602, (23, 35): 1.1429965028079732, (23, 36): 3.436108375563236, (23, 37): 5.150332305326055, (23, 38): 7.781377904040882, (23, 39): 2.6626049966723215, (24, 30): 7.2030164733541495, (24, 31): 5.964983812739751, (24, 32): 9.858863955783608, (24, 33): 8.088039605994602, (24, 35): 7.85243115166421, (24, 36): 7.597116728481961, (24, 37): 3.533304844489134, (24, 38): 6.8362482533398, (24, 39): 5.513392238123328, (25, 30): 5.267346745243198, (25, 31): 3.4960412739201905, (25, 32): 2.9824049181704746, (25, 33): 1.1429965028079732, (25, 34): 7.85243115166421, (25, 36): 2.2987564836270153, (25, 37): 5.306818463881799, (25, 38): 8.490257110081659, (25, 39): 2.352911673408428, (26, 30): 3.0587816148619207, (26, 31): 1.8726478892809595, (26, 32): 5.203413994308457, (26, 33): 3.436108375563236, (26, 34): 7.597116728481961, (26, 35): 2.2987564836270153, (26, 37): 6.037349615726853, (26, 38): 9.972571686067317, (26, 39): 3.002766269057841, (27, 30): 7.137531482716559, (27, 31): 5.125643251435989, (27, 32): 6.637944364526492, (27, 33): 5.150332305326055, (27, 34): 3.533304844489134, (27, 35): 5.306818463881799, (27, 36): 6.037349615726853, (27, 38): 4.498009362836886, (27, 39): 3.126500565594281, (28, 30): 11.565297142005265, (28, 31): 9.461067206772642, (28, 32): 8.259238467183106, (28, 33): 7.781377904040882, (28, 34): 6.8362482533398, (28, 35): 8.490257110081659, (28, 36): 9.972571686067317, (28, 37): 4.498009362836886, (28, 39): 6.993302626236916, (29, 30): 4.908273810062938, (29, 31): 2.720271490190206, (29, 32): 4.618692515604793, (29, 33): 2.6626049966723215, (29, 34): 5.513392238123328, (29, 35): 2.352911673408428, (29, 36): 3.002766269057841, (29, 37): 3.126500565594281, (29, 38): 6.993302626236916, (30, 41): 2.190032503368885, (30, 42): 8.232596253092744, (30, 43): 6.358256377216286, (30, 44): 7.2030164733541495, (30, 45): 5.267346745243198, (30, 46): 3.0587816148619207, (30, 47): 7.137531482716559, (30, 48): 11.565297142005265, (30, 49): 4.908273810062938, (31, 40): 2.190032503368885, (31, 42): 6.456016827008549, (31, 43): 4.467882209313014, (31, 44): 5.964983812739751, (31, 45): 3.4960412739201905, (31, 46): 1.8726478892809595, (31, 47): 5.125643251435989, (31, 48): 9.461067206772642, (31, 49): 2.720271490190206, (32, 40): 8.232596253092744, (32, 41): 6.456016827008549, (32, 43): 2.0290568524399766, (32, 44): 9.858863955783608, (32, 45): 2.9824049181704746, (32, 46): 5.203413994308457, (32, 47): 6.637944364526492, (32, 48): 8.259238467183106, (32, 49): 4.618692515604793, (33, 40): 6.358256377216286, (33, 41): 4.467882209313014, (33, 42): 2.0290568524399766, (33, 44): 8.088039605994602, (33, 45): 1.1429965028079732, (33, 46): 3.436108375563236, (33, 47): 5.150332305326055, (33, 48): 7.781377904040882, (33, 49): 2.6626049966723215, (34, 40): 7.2030164733541495, (34, 41): 5.964983812739751, (34, 42): 9.858863955783608, (34, 43): 8.088039605994602, (34, 45): 7.85243115166421, (34, 46): 7.597116728481961, (34, 47): 3.533304844489134, (34, 48): 6.8362482533398, (34, 49): 5.513392238123328, (35, 40): 5.267346745243198, (35, 41): 3.4960412739201905, (35, 42): 2.9824049181704746, (35, 43): 1.1429965028079732, (35, 44): 7.85243115166421, (35, 46): 2.2987564836270153, (35, 47): 5.306818463881799, (35, 48): 8.490257110081659, (35, 49): 2.352911673408428, (36, 40): 3.0587816148619207, (36, 41): 1.8726478892809595, (36, 42): 5.203413994308457, (36, 43): 3.436108375563236, (36, 44): 7.597116728481961, (36, 45): 2.2987564836270153, (36, 47): 6.037349615726853, (36, 48): 9.972571686067317, (36, 49): 3.002766269057841, (37, 40): 7.137531482716559, (37, 41): 5.125643251435989, (37, 42): 6.637944364526492, (37, 43): 5.150332305326055, (37, 44): 3.533304844489134, (37, 45): 5.306818463881799, (37, 46): 6.037349615726853, (37, 48): 4.498009362836886, (37, 49): 3.126500565594281, (38, 40): 11.565297142005265, (38, 41): 9.461067206772642, (38, 42): 8.259238467183106, (38, 43): 7.781377904040882, (38, 44): 6.8362482533398, (38, 45): 8.490257110081659, (38, 46): 9.972571686067317, (38, 47): 4.498009362836886, (38, 49): 6.993302626236916, (39, 40): 4.908273810062938, (39, 41): 2.720271490190206, (39, 42): 4.618692515604793, (39, 43): 2.6626049966723215, (39, 44): 5.513392238123328, (39, 45): 2.352911673408428, (39, 46): 3.002766269057841, (39, 47): 3.126500565594281, (39, 48): 6.993302626236916, (40, 51): 2.190032503368885, (40, 52): 8.232596253092744, (40, 53): 6.358256377216286, (40, 54): 7.2030164733541495, (40, 55): 5.267346745243198, (40, 56): 3.0587816148619207, (40, 57): 7.137531482716559, (40, 58): 11.565297142005265, (40, 59): 4.908273810062938, (41, 50): 2.190032503368885, (41, 52): 6.456016827008549, (41, 53): 4.467882209313014, (41, 54): 5.964983812739751, (41, 55): 3.4960412739201905, (41, 56): 1.8726478892809595, (41, 57): 5.125643251435989, (41, 58): 9.461067206772642, (41, 59): 2.720271490190206, (42, 50): 8.232596253092744, (42, 51): 6.456016827008549, (42, 53): 2.0290568524399766, (42, 54): 9.858863955783608, (42, 55): 2.9824049181704746, (42, 56): 5.203413994308457, (42, 57): 6.637944364526492, (42, 58): 8.259238467183106, (42, 59): 4.618692515604793, (43, 50): 6.358256377216286, (43, 51): 4.467882209313014, (43, 52): 2.0290568524399766, (43, 54): 8.088039605994602, (43, 55): 1.1429965028079732, (43, 56): 3.436108375563236, (43, 57): 5.150332305326055, (43, 58): 7.781377904040882, (43, 59): 2.6626049966723215, (44, 50): 7.2030164733541495, (44, 51): 5.964983812739751, (44, 52): 9.858863955783608, (44, 53): 8.088039605994602, (44, 55): 7.85243115166421, (44, 56): 7.597116728481961, (44, 57): 3.533304844489134, (44, 58): 6.8362482533398, (44, 59): 5.513392238123328, (45, 50): 5.267346745243198, (45, 51): 3.4960412739201905, (45, 52): 2.9824049181704746, (45, 53): 1.1429965028079732, (45, 54): 7.85243115166421, (45, 56): 2.2987564836270153, (45, 57): 5.306818463881799, (45, 58): 8.490257110081659, (45, 59): 2.352911673408428, (46, 50): 3.0587816148619207, (46, 51): 1.8726478892809595, (46, 52): 5.203413994308457, (46, 53): 3.436108375563236, (46, 54): 7.597116728481961, (46, 55): 2.2987564836270153, (46, 57): 6.037349615726853, (46, 58): 9.972571686067317, (46, 59): 3.002766269057841, (47, 50): 7.137531482716559, (47, 51): 5.125643251435989, (47, 52): 6.637944364526492, (47, 53): 5.150332305326055, (47, 54): 3.533304844489134, (47, 55): 5.306818463881799, (47, 56): 6.037349615726853, (47, 58): 4.498009362836886, (47, 59): 3.126500565594281, (48, 50): 11.565297142005265, (48, 51): 9.461067206772642, (48, 52): 8.259238467183106, (48, 53): 7.781377904040882, (48, 54): 6.8362482533398, (48, 55): 8.490257110081659, (48, 56): 9.972571686067317, (48, 57): 4.498009362836886, (48, 59): 6.993302626236916, (49, 50): 4.908273810062938, (49, 51): 2.720271490190206, (49, 52): 4.618692515604793, (49, 53): 2.6626049966723215, (49, 54): 5.513392238123328, (49, 55): 2.352911673408428, (49, 56): 3.002766269057841, (49, 57): 3.126500565594281, (49, 58): 6.993302626236916, (50, 61): 2.190032503368885, (50, 62): 8.232596253092744, (50, 63): 6.358256377216286, (50, 64): 7.2030164733541495, (50, 65): 5.267346745243198, (50, 66): 3.0587816148619207, (50, 67): 7.137531482716559, (50, 68): 11.565297142005265, (50, 69): 4.908273810062938, (51, 60): 2.190032503368885, (51, 62): 6.456016827008549, (51, 63): 4.467882209313014, (51, 64): 5.964983812739751, (51, 65): 3.4960412739201905, (51, 66): 1.8726478892809595, (51, 67): 5.125643251435989, (51, 68): 9.461067206772642, (51, 69): 2.720271490190206, (52, 60): 8.232596253092744, (52, 61): 6.456016827008549, (52, 63): 2.0290568524399766, (52, 64): 9.858863955783608, (52, 65): 2.9824049181704746, (52, 66): 5.203413994308457, (52, 67): 6.637944364526492, (52, 68): 8.259238467183106, (52, 69): 4.618692515604793, (53, 60): 6.358256377216286, (53, 61): 4.467882209313014, (53, 62): 2.0290568524399766, (53, 64): 8.088039605994602, (53, 65): 1.1429965028079732, (53, 66): 3.436108375563236, (53, 67): 5.150332305326055, (53, 68): 7.781377904040882, (53, 69): 2.6626049966723215, (54, 60): 7.2030164733541495, (54, 61): 5.964983812739751, (54, 62): 9.858863955783608, (54, 63): 8.088039605994602, (54, 65): 7.85243115166421, (54, 66): 7.597116728481961, (54, 67): 3.533304844489134, (54, 68): 6.8362482533398, (54, 69): 5.513392238123328, (55, 60): 5.267346745243198, (55, 61): 3.4960412739201905, (55, 62): 2.9824049181704746, (55, 63): 1.1429965028079732, (55, 64): 7.85243115166421, (55, 66): 2.2987564836270153, (55, 67): 5.306818463881799, (55, 68): 8.490257110081659, (55, 69): 2.352911673408428, (56, 60): 3.0587816148619207, (56, 61): 1.8726478892809595, (56, 62): 5.203413994308457, (56, 63): 3.436108375563236, (56, 64): 7.597116728481961, (56, 65): 2.2987564836270153, (56, 67): 6.037349615726853, (56, 68): 9.972571686067317, (56, 69): 3.002766269057841, (57, 60): 7.137531482716559, (57, 61): 5.125643251435989, (57, 62): 6.637944364526492, (57, 63): 5.150332305326055, (57, 64): 3.533304844489134, (57, 65): 5.306818463881799, (57, 66): 6.037349615726853, (57, 68): 4.498009362836886, (57, 69): 3.126500565594281, (58, 60): 11.565297142005265, (58, 61): 9.461067206772642, (58, 62): 8.259238467183106, (58, 63): 7.781377904040882, (58, 64): 6.8362482533398, (58, 65): 8.490257110081659, (58, 66): 9.972571686067317, (58, 67): 4.498009362836886, (58, 69): 6.993302626236916, (59, 60): 4.908273810062938, (59, 61): 2.720271490190206, (59, 62): 4.618692515604793, (59, 63): 2.6626049966723215, (59, 64): 5.513392238123328, (59, 65): 2.352911673408428, (59, 66): 3.002766269057841, (59, 67): 3.126500565594281, (59, 68): 6.993302626236916, (60, 71): 2.190032503368885, (60, 72): 8.232596253092744, (60, 73): 6.358256377216286, (60, 74): 7.2030164733541495, (60, 75): 5.267346745243198, (60, 76): 3.0587816148619207, (60, 77): 7.137531482716559, (60, 78): 11.565297142005265, (60, 79): 4.908273810062938, (61, 70): 2.190032503368885, (61, 72): 6.456016827008549, (61, 73): 4.467882209313014, (61, 74): 5.964983812739751, (61, 75): 3.4960412739201905, (61, 76): 1.8726478892809595, (61, 77): 5.125643251435989, (61, 78): 9.461067206772642, (61, 79): 2.720271490190206, (62, 70): 8.232596253092744, (62, 71): 6.456016827008549, (62, 73): 2.0290568524399766, (62, 74): 9.858863955783608, (62, 75): 2.9824049181704746, (62, 76): 5.203413994308457, (62, 77): 6.637944364526492, (62, 78): 8.259238467183106, (62, 79): 4.618692515604793, (63, 70): 6.358256377216286, (63, 71): 4.467882209313014, (63, 72): 2.0290568524399766, (63, 74): 8.088039605994602, (63, 75): 1.1429965028079732, (63, 76): 3.436108375563236, (63, 77): 5.150332305326055, (63, 78): 7.781377904040882, (63, 79): 2.6626049966723215, (64, 70): 7.2030164733541495, (64, 71): 5.964983812739751, (64, 72): 9.858863955783608, (64, 73): 8.088039605994602, (64, 75): 7.85243115166421, (64, 76): 7.597116728481961, (64, 77): 3.533304844489134, (64, 78): 6.8362482533398, (64, 79): 5.513392238123328, (65, 70): 5.267346745243198, (65, 71): 3.4960412739201905, (65, 72): 2.9824049181704746, (65, 73): 1.1429965028079732, (65, 74): 7.85243115166421, (65, 76): 2.2987564836270153, (65, 77): 5.306818463881799, (65, 78): 8.490257110081659, (65, 79): 2.352911673408428, (66, 70): 3.0587816148619207, (66, 71): 1.8726478892809595, (66, 72): 5.203413994308457, (66, 73): 3.436108375563236, (66, 74): 7.597116728481961, (66, 75): 2.2987564836270153, (66, 77): 6.037349615726853, (66, 78): 9.972571686067317, (66, 79): 3.002766269057841, (67, 70): 7.137531482716559, (67, 71): 5.125643251435989, (67, 72): 6.637944364526492, (67, 73): 5.150332305326055, (67, 74): 3.533304844489134, (67, 75): 5.306818463881799, (67, 76): 6.037349615726853, (67, 78): 4.498009362836886, (67, 79): 3.126500565594281, (68, 70): 11.565297142005265, (68, 71): 9.461067206772642, (68, 72): 8.259238467183106, (68, 73): 7.781377904040882, (68, 74): 6.8362482533398, (68, 75): 8.490257110081659, (68, 76): 9.972571686067317, (68, 77): 4.498009362836886, (68, 79): 6.993302626236916, (69, 70): 4.908273810062938, (69, 71): 2.720271490190206, (69, 72): 4.618692515604793, (69, 73): 2.6626049966723215, (69, 74): 5.513392238123328, (69, 75): 2.352911673408428, (69, 76): 3.002766269057841, (69, 77): 3.126500565594281, (69, 78): 6.993302626236916, (70, 81): 2.190032503368885, (70, 82): 8.232596253092744, (70, 83): 6.358256377216286, (70, 84): 7.2030164733541495, (70, 85): 5.267346745243198, (70, 86): 3.0587816148619207, (70, 87): 7.137531482716559, (70, 88): 11.565297142005265, (70, 89): 4.908273810062938, (71, 80): 2.190032503368885, (71, 82): 6.456016827008549, (71, 83): 4.467882209313014, (71, 84): 5.964983812739751, (71, 85): 3.4960412739201905, (71, 86): 1.8726478892809595, (71, 87): 5.125643251435989, (71, 88): 9.461067206772642, (71, 89): 2.720271490190206, (72, 80): 8.232596253092744, (72, 81): 6.456016827008549, (72, 83): 2.0290568524399766, (72, 84): 9.858863955783608, (72, 85): 2.9824049181704746, (72, 86): 5.203413994308457, (72, 87): 6.637944364526492, (72, 88): 8.259238467183106, (72, 89): 4.618692515604793, (73, 80): 6.358256377216286, (73, 81): 4.467882209313014, (73, 82): 2.0290568524399766, (73, 84): 8.088039605994602, (73, 85): 1.1429965028079732, (73, 86): 3.436108375563236, (73, 87): 5.150332305326055, (73, 88): 7.781377904040882, (73, 89): 2.6626049966723215, (74, 80): 7.2030164733541495, (74, 81): 5.964983812739751, (74, 82): 9.858863955783608, (74, 83): 8.088039605994602, (74, 85): 7.85243115166421, (74, 86): 7.597116728481961, (74, 87): 3.533304844489134, (74, 88): 6.8362482533398, (74, 89): 5.513392238123328, (75, 80): 5.267346745243198, (75, 81): 3.4960412739201905, (75, 82): 2.9824049181704746, (75, 83): 1.1429965028079732, (75, 84): 7.85243115166421, (75, 86): 2.2987564836270153, (75, 87): 5.306818463881799, (75, 88): 8.490257110081659, (75, 89): 2.352911673408428, (76, 80): 3.0587816148619207, (76, 81): 1.8726478892809595, (76, 82): 5.203413994308457, (76, 83): 3.436108375563236, (76, 84): 7.597116728481961, (76, 85): 2.2987564836270153, (76, 87): 6.037349615726853, (76, 88): 9.972571686067317, (76, 89): 3.002766269057841, (77, 80): 7.137531482716559, (77, 81): 5.125643251435989, (77, 82): 6.637944364526492, (77, 83): 5.150332305326055, (77, 84): 3.533304844489134, (77, 85): 5.306818463881799, (77, 86): 6.037349615726853, (77, 88): 4.498009362836886, (77, 89): 3.126500565594281, (78, 80): 11.565297142005265, (78, 81): 9.461067206772642, (78, 82): 8.259238467183106, (78, 83): 7.781377904040882, (78, 84): 6.8362482533398, (78, 85): 8.490257110081659, (78, 86): 9.972571686067317, (78, 87): 4.498009362836886, (78, 89): 6.993302626236916, (79, 80): 4.908273810062938, (79, 81): 2.720271490190206, (79, 82): 4.618692515604793, (79, 83): 2.6626049966723215, (79, 84): 5.513392238123328, (79, 85): 2.352911673408428, (79, 86): 3.002766269057841, (79, 87): 3.126500565594281, (79, 88): 6.993302626236916, (80, 91): 2.190032503368885, (80, 92): 8.232596253092744, (80, 93): 6.358256377216286, (80, 94): 7.2030164733541495, (80, 95): 5.267346745243198, (80, 96): 3.0587816148619207, (80, 97): 7.137531482716559, (80, 98): 11.565297142005265, (80, 99): 4.908273810062938, (81, 90): 2.190032503368885, (81, 92): 6.456016827008549, (81, 93): 4.467882209313014, (81, 94): 5.964983812739751, (81, 95): 3.4960412739201905, (81, 96): 1.8726478892809595, (81, 97): 5.125643251435989, (81, 98): 9.461067206772642, (81, 99): 2.720271490190206, (82, 90): 8.232596253092744, (82, 91): 6.456016827008549, (82, 93): 2.0290568524399766, (82, 94): 9.858863955783608, (82, 95): 2.9824049181704746, (82, 96): 5.203413994308457, (82, 97): 6.637944364526492, (82, 98): 8.259238467183106, (82, 99): 4.618692515604793, (83, 90): 6.358256377216286, (83, 91): 4.467882209313014, (83, 92): 2.0290568524399766, (83, 94): 8.088039605994602, (83, 95): 1.1429965028079732, (83, 96): 3.436108375563236, (83, 97): 5.150332305326055, (83, 98): 7.781377904040882, (83, 99): 2.6626049966723215, (84, 90): 7.2030164733541495, (84, 91): 5.964983812739751, (84, 92): 9.858863955783608, (84, 93): 8.088039605994602, (84, 95): 7.85243115166421, (84, 96): 7.597116728481961, (84, 97): 3.533304844489134, (84, 98): 6.8362482533398, (84, 99): 5.513392238123328, (85, 90): 5.267346745243198, (85, 91): 3.4960412739201905, (85, 92): 2.9824049181704746, (85, 93): 1.1429965028079732, (85, 94): 7.85243115166421, (85, 96): 2.2987564836270153, (85, 97): 5.306818463881799, (85, 98): 8.490257110081659, (85, 99): 2.352911673408428, (86, 90): 3.0587816148619207, (86, 91): 1.8726478892809595, (86, 92): 5.203413994308457, (86, 93): 3.436108375563236, (86, 94): 7.597116728481961, (86, 95): 2.2987564836270153, (86, 97): 6.037349615726853, (86, 98): 9.972571686067317, (86, 99): 3.002766269057841, (87, 90): 7.137531482716559, (87, 91): 5.125643251435989, (87, 92): 6.637944364526492, (87, 93): 5.150332305326055, (87, 94): 3.533304844489134, (87, 95): 5.306818463881799, (87, 96): 6.037349615726853, (87, 98): 4.498009362836886, (87, 99): 3.126500565594281, (88, 90): 11.565297142005265, (88, 91): 9.461067206772642, (88, 92): 8.259238467183106, (88, 93): 7.781377904040882, (88, 94): 6.8362482533398, (88, 95): 8.490257110081659, (88, 96): 9.972571686067317, (88, 97): 4.498009362836886, (88, 99): 6.993302626236916, (89, 90): 4.908273810062938, (89, 91): 2.720271490190206, (89, 92): 4.618692515604793, (89, 93): 2.6626049966723215, (89, 94): 5.513392238123328, (89, 95): 2.352911673408428, (89, 96): 3.002766269057841, (89, 97): 3.126500565594281, (89, 98): 6.993302626236916, (90, 1): 2.190032503368885, (90, 2): 8.232596253092744, (90, 3): 6.358256377216286, (90, 4): 7.2030164733541495, (90, 5): 5.267346745243198, (90, 6): 3.0587816148619207, (90, 7): 7.137531482716559, (90, 8): 11.565297142005265, (90, 9): 4.908273810062938, (91, 0): 2.190032503368885, (91, 2): 6.456016827008549, (91, 3): 4.467882209313014, (91, 4): 5.964983812739751, (91, 5): 3.4960412739201905, (91, 6): 1.8726478892809595, (91, 7): 5.125643251435989, (91, 8): 9.461067206772642, (91, 9): 2.720271490190206, (92, 0): 8.232596253092744, (92, 1): 6.456016827008549, (92, 3): 2.0290568524399766, (92, 4): 9.858863955783608, (92, 5): 2.9824049181704746, (92, 6): 5.203413994308457, (92, 7): 6.637944364526492, (92, 8): 8.259238467183106, (92, 9): 4.618692515604793, (93, 0): 6.358256377216286, (93, 1): 4.467882209313014, (93, 2): 2.0290568524399766, (93, 4): 8.088039605994602, (93, 5): 1.1429965028079732, (93, 6): 3.436108375563236, (93, 7): 5.150332305326055, (93, 8): 7.781377904040882, (93, 9): 2.6626049966723215, (94, 0): 7.2030164733541495, (94, 1): 5.964983812739751, (94, 2): 9.858863955783608, (94, 3): 8.088039605994602, (94, 5): 7.85243115166421, (94, 6): 7.597116728481961, (94, 7): 3.533304844489134, (94, 8): 6.8362482533398, (94, 9): 5.513392238123328, (95, 0): 5.267346745243198, (95, 1): 3.4960412739201905, (95, 2): 2.9824049181704746, (95, 3): 1.1429965028079732, (95, 4): 7.85243115166421, (95, 6): 2.2987564836270153, (95, 7): 5.306818463881799, (95, 8): 8.490257110081659, (95, 9): 2.352911673408428, (96, 0): 3.0587816148619207, (96, 1): 1.8726478892809595, (96, 2): 5.203413994308457, (96, 3): 3.436108375563236, (96, 4): 7.597116728481961, (96, 5): 2.2987564836270153, (96, 7): 6.037349615726853, (96, 8): 9.972571686067317, (96, 9): 3.002766269057841, (97, 0): 7.137531482716559, (97, 1): 5.125643251435989, (97, 2): 6.637944364526492, (97, 3): 5.150332305326055, (97, 4): 3.533304844489134, (97, 5): 5.306818463881799, (97, 6): 6.037349615726853, (97, 8): 4.498009362836886, (97, 9): 3.126500565594281, (98, 0): 11.565297142005265, (98, 1): 9.461067206772642, (98, 2): 8.259238467183106, (98, 3): 7.781377904040882, (98, 4): 6.8362482533398, (98, 5): 8.490257110081659, (98, 6): 9.972571686067317, (98, 7): 4.498009362836886, (98, 9): 6.993302626236916, (99, 0): 4.908273810062938, (99, 1): 2.720271490190206, (99, 2): 4.618692515604793, (99, 3): 2.6626049966723215, (99, 4): 5.513392238123328, (99, 5): 2.352911673408428, (99, 6): 3.002766269057841, (99, 7): 3.126500565594281, (99, 8): 6.993302626236916, (0, 0): -231.3059428401053, (0, 1): 231.3059428401053, (0, 2): 231.3059428401053, (0, 3): 231.3059428401053, (0, 4): 231.3059428401053, (0, 5): 231.3059428401053, (0, 6): 231.3059428401053, (0, 7): 231.3059428401053, (0, 8): 231.3059428401053, (0, 9): 231.3059428401053, (1, 1): -231.3059428401053, (1, 0): 231.3059428401053, (1, 2): 231.3059428401053, (1, 3): 231.3059428401053, (1, 4): 231.3059428401053, (1, 5): 231.3059428401053, (1, 6): 231.3059428401053, (1, 7): 231.3059428401053, (1, 8): 231.3059428401053, (1, 9): 231.3059428401053, (2, 2): -231.3059428401053, (2, 0): 231.3059428401053, (2, 1): 231.3059428401053, (2, 3): 231.3059428401053, (2, 4): 231.3059428401053, (2, 5): 231.3059428401053, (2, 6): 231.3059428401053, (2, 7): 231.3059428401053, (2, 8): 231.3059428401053, (2, 9): 231.3059428401053, (3, 3): -231.3059428401053, (3, 0): 231.3059428401053, (3, 1): 231.3059428401053, (3, 2): 231.3059428401053, (3, 4): 231.3059428401053, (3, 5): 231.3059428401053, (3, 6): 231.3059428401053, (3, 7): 231.3059428401053, (3, 8): 231.3059428401053, (3, 9): 231.3059428401053, (4, 4): -231.3059428401053, (4, 0): 231.3059428401053, (4, 1): 231.3059428401053, (4, 2): 231.3059428401053, (4, 3): 231.3059428401053, (4, 5): 231.3059428401053, (4, 6): 231.3059428401053, (4, 7): 231.3059428401053, (4, 8): 231.3059428401053, (4, 9): 231.3059428401053, (5, 5): -231.3059428401053, (5, 0): 231.3059428401053, (5, 1): 231.3059428401053, (5, 2): 231.3059428401053, (5, 3): 231.3059428401053, (5, 4): 231.3059428401053, (5, 6): 231.3059428401053, (5, 7): 231.3059428401053, (5, 8): 231.3059428401053, (5, 9): 231.3059428401053, (6, 6): -231.3059428401053, (6, 0): 231.3059428401053, (6, 1): 231.3059428401053, (6, 2): 231.3059428401053, (6, 3): 231.3059428401053, (6, 4): 231.3059428401053, (6, 5): 231.3059428401053, (6, 7): 231.3059428401053, (6, 8): 231.3059428401053, (6, 9): 231.3059428401053, (7, 7): -231.3059428401053, (7, 0): 231.3059428401053, (7, 1): 231.3059428401053, (7, 2): 231.3059428401053, (7, 3): 231.3059428401053, (7, 4): 231.3059428401053, (7, 5): 231.3059428401053, (7, 6): 231.3059428401053, (7, 8): 231.3059428401053, (7, 9): 231.3059428401053, (8, 8): -231.3059428401053, (8, 0): 231.3059428401053, (8, 1): 231.3059428401053, (8, 2): 231.3059428401053, (8, 3): 231.3059428401053, (8, 4): 231.3059428401053, (8, 5): 231.3059428401053, (8, 6): 231.3059428401053, (8, 7): 231.3059428401053, (8, 9): 231.3059428401053, (9, 9): -231.3059428401053, (9, 0): 231.3059428401053, (9, 1): 231.3059428401053, (9, 2): 231.3059428401053, (9, 3): 231.3059428401053, (9, 4): 231.3059428401053, (9, 5): 231.3059428401053, (9, 6): 231.3059428401053, (9, 7): 231.3059428401053, (9, 8): 231.3059428401053, (10, 10): -231.3059428401053, (10, 11): 231.3059428401053, (10, 12): 231.3059428401053, (10, 13): 231.3059428401053, (10, 14): 231.3059428401053, (10, 15): 231.3059428401053, (10, 16): 231.3059428401053, (10, 17): 231.3059428401053, (10, 18): 231.3059428401053, (10, 19): 231.3059428401053, (11, 11): -231.3059428401053, (11, 10): 231.3059428401053, (11, 12): 231.3059428401053, (11, 13): 231.3059428401053, (11, 14): 231.3059428401053, (11, 15): 231.3059428401053, (11, 16): 231.3059428401053, (11, 17): 231.3059428401053, (11, 18): 231.3059428401053, (11, 19): 231.3059428401053, (12, 12): -231.3059428401053, (12, 10): 231.3059428401053, (12, 11): 231.3059428401053, (12, 13): 231.3059428401053, (12, 14): 231.3059428401053, (12, 15): 231.3059428401053, (12, 16): 231.3059428401053, (12, 17): 231.3059428401053, (12, 18): 231.3059428401053, (12, 19): 231.3059428401053, (13, 13): -231.3059428401053, (13, 10): 231.3059428401053, (13, 11): 231.3059428401053, (13, 12): 231.3059428401053, (13, 14): 231.3059428401053, (13, 15): 231.3059428401053, (13, 16): 231.3059428401053, (13, 17): 231.3059428401053, (13, 18): 231.3059428401053, (13, 19): 231.3059428401053, (14, 14): -231.3059428401053, (14, 10): 231.3059428401053, (14, 11): 231.3059428401053, (14, 12): 231.3059428401053, (14, 13): 231.3059428401053, (14, 15): 231.3059428401053, (14, 16): 231.3059428401053, (14, 17): 231.3059428401053, (14, 18): 231.3059428401053, (14, 19): 231.3059428401053, (15, 15): -231.3059428401053, (15, 10): 231.3059428401053, (15, 11): 231.3059428401053, (15, 12): 231.3059428401053, (15, 13): 231.3059428401053, (15, 14): 231.3059428401053, (15, 16): 231.3059428401053, (15, 17): 231.3059428401053, (15, 18): 231.3059428401053, (15, 19): 231.3059428401053, (16, 16): -231.3059428401053, (16, 10): 231.3059428401053, (16, 11): 231.3059428401053, (16, 12): 231.3059428401053, (16, 13): 231.3059428401053, (16, 14): 231.3059428401053, (16, 15): 231.3059428401053, (16, 17): 231.3059428401053, (16, 18): 231.3059428401053, (16, 19): 231.3059428401053, (17, 17): -231.3059428401053, (17, 10): 231.3059428401053, (17, 11): 231.3059428401053, (17, 12): 231.3059428401053, (17, 13): 231.3059428401053, (17, 14): 231.3059428401053, (17, 15): 231.3059428401053, (17, 16): 231.3059428401053, (17, 18): 231.3059428401053, (17, 19): 231.3059428401053, (18, 18): -231.3059428401053, (18, 10): 231.3059428401053, (18, 11): 231.3059428401053, (18, 12): 231.3059428401053, (18, 13): 231.3059428401053, (18, 14): 231.3059428401053, (18, 15): 231.3059428401053, (18, 16): 231.3059428401053, (18, 17): 231.3059428401053, (18, 19): 231.3059428401053, (19, 19): -231.3059428401053, (19, 10): 231.3059428401053, (19, 11): 231.3059428401053, (19, 12): 231.3059428401053, (19, 13): 231.3059428401053, (19, 14): 231.3059428401053, (19, 15): 231.3059428401053, (19, 16): 231.3059428401053, (19, 17): 231.3059428401053, (19, 18): 231.3059428401053, (20, 20): -231.3059428401053, (20, 21): 231.3059428401053, (20, 22): 231.3059428401053, (20, 23): 231.3059428401053, (20, 24): 231.3059428401053, (20, 25): 231.3059428401053, (20, 26): 231.3059428401053, (20, 27): 231.3059428401053, (20, 28): 231.3059428401053, (20, 29): 231.3059428401053, (21, 21): -231.3059428401053, (21, 20): 231.3059428401053, (21, 22): 231.3059428401053, (21, 23): 231.3059428401053, (21, 24): 231.3059428401053, (21, 25): 231.3059428401053, (21, 26): 231.3059428401053, (21, 27): 231.3059428401053, (21, 28): 231.3059428401053, (21, 29): 231.3059428401053, (22, 22): -231.3059428401053, (22, 20): 231.3059428401053, (22, 21): 231.3059428401053, (22, 23): 231.3059428401053, (22, 24): 231.3059428401053, (22, 25): 231.3059428401053, (22, 26): 231.3059428401053, (22, 27): 231.3059428401053, (22, 28): 231.3059428401053, (22, 29): 231.3059428401053, (23, 23): -231.3059428401053, (23, 20): 231.3059428401053, (23, 21): 231.3059428401053, (23, 22): 231.3059428401053, (23, 24): 231.3059428401053, (23, 25): 231.3059428401053, (23, 26): 231.3059428401053, (23, 27): 231.3059428401053, (23, 28): 231.3059428401053, (23, 29): 231.3059428401053, (24, 24): -231.3059428401053, (24, 20): 231.3059428401053, (24, 21): 231.3059428401053, (24, 22): 231.3059428401053, (24, 23): 231.3059428401053, (24, 25): 231.3059428401053, (24, 26): 231.3059428401053, (24, 27): 231.3059428401053, (24, 28): 231.3059428401053, (24, 29): 231.3059428401053, (25, 25): -231.3059428401053, (25, 20): 231.3059428401053, (25, 21): 231.3059428401053, (25, 22): 231.3059428401053, (25, 23): 231.3059428401053, (25, 24): 231.3059428401053, (25, 26): 231.3059428401053, (25, 27): 231.3059428401053, (25, 28): 231.3059428401053, (25, 29): 231.3059428401053, (26, 26): -231.3059428401053, (26, 20): 231.3059428401053, (26, 21): 231.3059428401053, (26, 22): 231.3059428401053, (26, 23): 231.3059428401053, (26, 24): 231.3059428401053, (26, 25): 231.3059428401053, (26, 27): 231.3059428401053, (26, 28): 231.3059428401053, (26, 29): 231.3059428401053, (27, 27): -231.3059428401053, (27, 20): 231.3059428401053, (27, 21): 231.3059428401053, (27, 22): 231.3059428401053, (27, 23): 231.3059428401053, (27, 24): 231.3059428401053, (27, 25): 231.3059428401053, (27, 26): 231.3059428401053, (27, 28): 231.3059428401053, (27, 29): 231.3059428401053, (28, 28): -231.3059428401053, (28, 20): 231.3059428401053, (28, 21): 231.3059428401053, (28, 22): 231.3059428401053, (28, 23): 231.3059428401053, (28, 24): 231.3059428401053, (28, 25): 231.3059428401053, (28, 26): 231.3059428401053, (28, 27): 231.3059428401053, (28, 29): 231.3059428401053, (29, 29): -231.3059428401053, (29, 20): 231.3059428401053, (29, 21): 231.3059428401053, (29, 22): 231.3059428401053, (29, 23): 231.3059428401053, (29, 24): 231.3059428401053, (29, 25): 231.3059428401053, (29, 26): 231.3059428401053, (29, 27): 231.3059428401053, (29, 28): 231.3059428401053, (30, 30): -231.3059428401053, (30, 31): 231.3059428401053, (30, 32): 231.3059428401053, (30, 33): 231.3059428401053, (30, 34): 231.3059428401053, (30, 35): 231.3059428401053, (30, 36): 231.3059428401053, (30, 37): 231.3059428401053, (30, 38): 231.3059428401053, (30, 39): 231.3059428401053, (31, 31): -231.3059428401053, (31, 30): 231.3059428401053, (31, 32): 231.3059428401053, (31, 33): 231.3059428401053, (31, 34): 231.3059428401053, (31, 35): 231.3059428401053, (31, 36): 231.3059428401053, (31, 37): 231.3059428401053, (31, 38): 231.3059428401053, (31, 39): 231.3059428401053, (32, 32): -231.3059428401053, (32, 30): 231.3059428401053, (32, 31): 231.3059428401053, (32, 33): 231.3059428401053, (32, 34): 231.3059428401053, (32, 35): 231.3059428401053, (32, 36): 231.3059428401053, (32, 37): 231.3059428401053, (32, 38): 231.3059428401053, (32, 39): 231.3059428401053, (33, 33): -231.3059428401053, (33, 30): 231.3059428401053, (33, 31): 231.3059428401053, (33, 32): 231.3059428401053, (33, 34): 231.3059428401053, (33, 35): 231.3059428401053, (33, 36): 231.3059428401053, (33, 37): 231.3059428401053, (33, 38): 231.3059428401053, (33, 39): 231.3059428401053, (34, 34): -231.3059428401053, (34, 30): 231.3059428401053, (34, 31): 231.3059428401053, (34, 32): 231.3059428401053, (34, 33): 231.3059428401053, (34, 35): 231.3059428401053, (34, 36): 231.3059428401053, (34, 37): 231.3059428401053, (34, 38): 231.3059428401053, (34, 39): 231.3059428401053, (35, 35): -231.3059428401053, (35, 30): 231.3059428401053, (35, 31): 231.3059428401053, (35, 32): 231.3059428401053, (35, 33): 231.3059428401053, (35, 34): 231.3059428401053, (35, 36): 231.3059428401053, (35, 37): 231.3059428401053, (35, 38): 231.3059428401053, (35, 39): 231.3059428401053, (36, 36): -231.3059428401053, (36, 30): 231.3059428401053, (36, 31): 231.3059428401053, (36, 32): 231.3059428401053, (36, 33): 231.3059428401053, (36, 34): 231.3059428401053, (36, 35): 231.3059428401053, (36, 37): 231.3059428401053, (36, 38): 231.3059428401053, (36, 39): 231.3059428401053, (37, 37): -231.3059428401053, (37, 30): 231.3059428401053, (37, 31): 231.3059428401053, (37, 32): 231.3059428401053, (37, 33): 231.3059428401053, (37, 34): 231.3059428401053, (37, 35): 231.3059428401053, (37, 36): 231.3059428401053, (37, 38): 231.3059428401053, (37, 39): 231.3059428401053, (38, 38): -231.3059428401053, (38, 30): 231.3059428401053, (38, 31): 231.3059428401053, (38, 32): 231.3059428401053, (38, 33): 231.3059428401053, (38, 34): 231.3059428401053, (38, 35): 231.3059428401053, (38, 36): 231.3059428401053, (38, 37): 231.3059428401053, (38, 39): 231.3059428401053, (39, 39): -231.3059428401053, (39, 30): 231.3059428401053, (39, 31): 231.3059428401053, (39, 32): 231.3059428401053, (39, 33): 231.3059428401053, (39, 34): 231.3059428401053, (39, 35): 231.3059428401053, (39, 36): 231.3059428401053, (39, 37): 231.3059428401053, (39, 38): 231.3059428401053, (40, 40): -231.3059428401053, (40, 41): 231.3059428401053, (40, 42): 231.3059428401053, (40, 43): 231.3059428401053, (40, 44): 231.3059428401053, (40, 45): 231.3059428401053, (40, 46): 231.3059428401053, (40, 47): 231.3059428401053, (40, 48): 231.3059428401053, (40, 49): 231.3059428401053, (41, 41): -231.3059428401053, (41, 40): 231.3059428401053, (41, 42): 231.3059428401053, (41, 43): 231.3059428401053, (41, 44): 231.3059428401053, (41, 45): 231.3059428401053, (41, 46): 231.3059428401053, (41, 47): 231.3059428401053, (41, 48): 231.3059428401053, (41, 49): 231.3059428401053, (42, 42): -231.3059428401053, (42, 40): 231.3059428401053, (42, 41): 231.3059428401053, (42, 43): 231.3059428401053, (42, 44): 231.3059428401053, (42, 45): 231.3059428401053, (42, 46): 231.3059428401053, (42, 47): 231.3059428401053, (42, 48): 231.3059428401053, (42, 49): 231.3059428401053, (43, 43): -231.3059428401053, (43, 40): 231.3059428401053, (43, 41): 231.3059428401053, (43, 42): 231.3059428401053, (43, 44): 231.3059428401053, (43, 45): 231.3059428401053, (43, 46): 231.3059428401053, (43, 47): 231.3059428401053, (43, 48): 231.3059428401053, (43, 49): 231.3059428401053, (44, 44): -231.3059428401053, (44, 40): 231.3059428401053, (44, 41): 231.3059428401053, (44, 42): 231.3059428401053, (44, 43): 231.3059428401053, (44, 45): 231.3059428401053, (44, 46): 231.3059428401053, (44, 47): 231.3059428401053, (44, 48): 231.3059428401053, (44, 49): 231.3059428401053, (45, 45): -231.3059428401053, (45, 40): 231.3059428401053, (45, 41): 231.3059428401053, (45, 42): 231.3059428401053, (45, 43): 231.3059428401053, (45, 44): 231.3059428401053, (45, 46): 231.3059428401053, (45, 47): 231.3059428401053, (45, 48): 231.3059428401053, (45, 49): 231.3059428401053, (46, 46): -231.3059428401053, (46, 40): 231.3059428401053, (46, 41): 231.3059428401053, (46, 42): 231.3059428401053, (46, 43): 231.3059428401053, (46, 44): 231.3059428401053, (46, 45): 231.3059428401053, (46, 47): 231.3059428401053, (46, 48): 231.3059428401053, (46, 49): 231.3059428401053, (47, 47): -231.3059428401053, (47, 40): 231.3059428401053, (47, 41): 231.3059428401053, (47, 42): 231.3059428401053, (47, 43): 231.3059428401053, (47, 44): 231.3059428401053, (47, 45): 231.3059428401053, (47, 46): 231.3059428401053, (47, 48): 231.3059428401053, (47, 49): 231.3059428401053, (48, 48): -231.3059428401053, (48, 40): 231.3059428401053, (48, 41): 231.3059428401053, (48, 42): 231.3059428401053, (48, 43): 231.3059428401053, (48, 44): 231.3059428401053, (48, 45): 231.3059428401053, (48, 46): 231.3059428401053, (48, 47): 231.3059428401053, (48, 49): 231.3059428401053, (49, 49): -231.3059428401053, (49, 40): 231.3059428401053, (49, 41): 231.3059428401053, (49, 42): 231.3059428401053, (49, 43): 231.3059428401053, (49, 44): 231.3059428401053, (49, 45): 231.3059428401053, (49, 46): 231.3059428401053, (49, 47): 231.3059428401053, (49, 48): 231.3059428401053, (50, 50): -231.3059428401053, (50, 51): 231.3059428401053, (50, 52): 231.3059428401053, (50, 53): 231.3059428401053, (50, 54): 231.3059428401053, (50, 55): 231.3059428401053, (50, 56): 231.3059428401053, (50, 57): 231.3059428401053, (50, 58): 231.3059428401053, (50, 59): 231.3059428401053, (51, 51): -231.3059428401053, (51, 50): 231.3059428401053, (51, 52): 231.3059428401053, (51, 53): 231.3059428401053, (51, 54): 231.3059428401053, (51, 55): 231.3059428401053, (51, 56): 231.3059428401053, (51, 57): 231.3059428401053, (51, 58): 231.3059428401053, (51, 59): 231.3059428401053, (52, 52): -231.3059428401053, (52, 50): 231.3059428401053, (52, 51): 231.3059428401053, (52, 53): 231.3059428401053, (52, 54): 231.3059428401053, (52, 55): 231.3059428401053, (52, 56): 231.3059428401053, (52, 57): 231.3059428401053, (52, 58): 231.3059428401053, (52, 59): 231.3059428401053, (53, 53): -231.3059428401053, (53, 50): 231.3059428401053, (53, 51): 231.3059428401053, (53, 52): 231.3059428401053, (53, 54): 231.3059428401053, (53, 55): 231.3059428401053, (53, 56): 231.3059428401053, (53, 57): 231.3059428401053, (53, 58): 231.3059428401053, (53, 59): 231.3059428401053, (54, 54): -231.3059428401053, (54, 50): 231.3059428401053, (54, 51): 231.3059428401053, (54, 52): 231.3059428401053, (54, 53): 231.3059428401053, (54, 55): 231.3059428401053, (54, 56): 231.3059428401053, (54, 57): 231.3059428401053, (54, 58): 231.3059428401053, (54, 59): 231.3059428401053, (55, 55): -231.3059428401053, (55, 50): 231.3059428401053, (55, 51): 231.3059428401053, (55, 52): 231.3059428401053, (55, 53): 231.3059428401053, (55, 54): 231.3059428401053, (55, 56): 231.3059428401053, (55, 57): 231.3059428401053, (55, 58): 231.3059428401053, (55, 59): 231.3059428401053, (56, 56): -231.3059428401053, (56, 50): 231.3059428401053, (56, 51): 231.3059428401053, (56, 52): 231.3059428401053, (56, 53): 231.3059428401053, (56, 54): 231.3059428401053, (56, 55): 231.3059428401053, (56, 57): 231.3059428401053, (56, 58): 231.3059428401053, (56, 59): 231.3059428401053, (57, 57): -231.3059428401053, (57, 50): 231.3059428401053, (57, 51): 231.3059428401053, (57, 52): 231.3059428401053, (57, 53): 231.3059428401053, (57, 54): 231.3059428401053, (57, 55): 231.3059428401053, (57, 56): 231.3059428401053, (57, 58): 231.3059428401053, (57, 59): 231.3059428401053, (58, 58): -231.3059428401053, (58, 50): 231.3059428401053, (58, 51): 231.3059428401053, (58, 52): 231.3059428401053, (58, 53): 231.3059428401053, (58, 54): 231.3059428401053, (58, 55): 231.3059428401053, (58, 56): 231.3059428401053, (58, 57): 231.3059428401053, (58, 59): 231.3059428401053, (59, 59): -231.3059428401053, (59, 50): 231.3059428401053, (59, 51): 231.3059428401053, (59, 52): 231.3059428401053, (59, 53): 231.3059428401053, (59, 54): 231.3059428401053, (59, 55): 231.3059428401053, (59, 56): 231.3059428401053, (59, 57): 231.3059428401053, (59, 58): 231.3059428401053, (60, 60): -231.3059428401053, (60, 61): 231.3059428401053, (60, 62): 231.3059428401053, (60, 63): 231.3059428401053, (60, 64): 231.3059428401053, (60, 65): 231.3059428401053, (60, 66): 231.3059428401053, (60, 67): 231.3059428401053, (60, 68): 231.3059428401053, (60, 69): 231.3059428401053, (61, 61): -231.3059428401053, (61, 60): 231.3059428401053, (61, 62): 231.3059428401053, (61, 63): 231.3059428401053, (61, 64): 231.3059428401053, (61, 65): 231.3059428401053, (61, 66): 231.3059428401053, (61, 67): 231.3059428401053, (61, 68): 231.3059428401053, (61, 69): 231.3059428401053, (62, 62): -231.3059428401053, (62, 60): 231.3059428401053, (62, 61): 231.3059428401053, (62, 63): 231.3059428401053, (62, 64): 231.3059428401053, (62, 65): 231.3059428401053, (62, 66): 231.3059428401053, (62, 67): 231.3059428401053, (62, 68): 231.3059428401053, (62, 69): 231.3059428401053, (63, 63): -231.3059428401053, (63, 60): 231.3059428401053, (63, 61): 231.3059428401053, (63, 62): 231.3059428401053, (63, 64): 231.3059428401053, (63, 65): 231.3059428401053, (63, 66): 231.3059428401053, (63, 67): 231.3059428401053, (63, 68): 231.3059428401053, (63, 69): 231.3059428401053, (64, 64): -231.3059428401053, (64, 60): 231.3059428401053, (64, 61): 231.3059428401053, (64, 62): 231.3059428401053, (64, 63): 231.3059428401053, (64, 65): 231.3059428401053, (64, 66): 231.3059428401053, (64, 67): 231.3059428401053, (64, 68): 231.3059428401053, (64, 69): 231.3059428401053, (65, 65): -231.3059428401053, (65, 60): 231.3059428401053, (65, 61): 231.3059428401053, (65, 62): 231.3059428401053, (65, 63): 231.3059428401053, (65, 64): 231.3059428401053, (65, 66): 231.3059428401053, (65, 67): 231.3059428401053, (65, 68): 231.3059428401053, (65, 69): 231.3059428401053, (66, 66): -231.3059428401053, (66, 60): 231.3059428401053, (66, 61): 231.3059428401053, (66, 62): 231.3059428401053, (66, 63): 231.3059428401053, (66, 64): 231.3059428401053, (66, 65): 231.3059428401053, (66, 67): 231.3059428401053, (66, 68): 231.3059428401053, (66, 69): 231.3059428401053, (67, 67): -231.3059428401053, (67, 60): 231.3059428401053, (67, 61): 231.3059428401053, (67, 62): 231.3059428401053, (67, 63): 231.3059428401053, (67, 64): 231.3059428401053, (67, 65): 231.3059428401053, (67, 66): 231.3059428401053, (67, 68): 231.3059428401053, (67, 69): 231.3059428401053, (68, 68): -231.3059428401053, (68, 60): 231.3059428401053, (68, 61): 231.3059428401053, (68, 62): 231.3059428401053, (68, 63): 231.3059428401053, (68, 64): 231.3059428401053, (68, 65): 231.3059428401053, (68, 66): 231.3059428401053, (68, 67): 231.3059428401053, (68, 69): 231.3059428401053, (69, 69): -231.3059428401053, (69, 60): 231.3059428401053, (69, 61): 231.3059428401053, (69, 62): 231.3059428401053, (69, 63): 231.3059428401053, (69, 64): 231.3059428401053, (69, 65): 231.3059428401053, (69, 66): 231.3059428401053, (69, 67): 231.3059428401053, (69, 68): 231.3059428401053, (70, 70): -231.3059428401053, (70, 71): 231.3059428401053, (70, 72): 231.3059428401053, (70, 73): 231.3059428401053, (70, 74): 231.3059428401053, (70, 75): 231.3059428401053, (70, 76): 231.3059428401053, (70, 77): 231.3059428401053, (70, 78): 231.3059428401053, (70, 79): 231.3059428401053, (71, 71): -231.3059428401053, (71, 70): 231.3059428401053, (71, 72): 231.3059428401053, (71, 73): 231.3059428401053, (71, 74): 231.3059428401053, (71, 75): 231.3059428401053, (71, 76): 231.3059428401053, (71, 77): 231.3059428401053, (71, 78): 231.3059428401053, (71, 79): 231.3059428401053, (72, 72): -231.3059428401053, (72, 70): 231.3059428401053, (72, 71): 231.3059428401053, (72, 73): 231.3059428401053, (72, 74): 231.3059428401053, (72, 75): 231.3059428401053, (72, 76): 231.3059428401053, (72, 77): 231.3059428401053, (72, 78): 231.3059428401053, (72, 79): 231.3059428401053, (73, 73): -231.3059428401053, (73, 70): 231.3059428401053, (73, 71): 231.3059428401053, (73, 72): 231.3059428401053, (73, 74): 231.3059428401053, (73, 75): 231.3059428401053, (73, 76): 231.3059428401053, (73, 77): 231.3059428401053, (73, 78): 231.3059428401053, (73, 79): 231.3059428401053, (74, 74): -231.3059428401053, (74, 70): 231.3059428401053, (74, 71): 231.3059428401053, (74, 72): 231.3059428401053, (74, 73): 231.3059428401053, (74, 75): 231.3059428401053, (74, 76): 231.3059428401053, (74, 77): 231.3059428401053, (74, 78): 231.3059428401053, (74, 79): 231.3059428401053, (75, 75): -231.3059428401053, (75, 70): 231.3059428401053, (75, 71): 231.3059428401053, (75, 72): 231.3059428401053, (75, 73): 231.3059428401053, (75, 74): 231.3059428401053, (75, 76): 231.3059428401053, (75, 77): 231.3059428401053, (75, 78): 231.3059428401053, (75, 79): 231.3059428401053, (76, 76): -231.3059428401053, (76, 70): 231.3059428401053, (76, 71): 231.3059428401053, (76, 72): 231.3059428401053, (76, 73): 231.3059428401053, (76, 74): 231.3059428401053, (76, 75): 231.3059428401053, (76, 77): 231.3059428401053, (76, 78): 231.3059428401053, (76, 79): 231.3059428401053, (77, 77): -231.3059428401053, (77, 70): 231.3059428401053, (77, 71): 231.3059428401053, (77, 72): 231.3059428401053, (77, 73): 231.3059428401053, (77, 74): 231.3059428401053, (77, 75): 231.3059428401053, (77, 76): 231.3059428401053, (77, 78): 231.3059428401053, (77, 79): 231.3059428401053, (78, 78): -231.3059428401053, (78, 70): 231.3059428401053, (78, 71): 231.3059428401053, (78, 72): 231.3059428401053, (78, 73): 231.3059428401053, (78, 74): 231.3059428401053, (78, 75): 231.3059428401053, (78, 76): 231.3059428401053, (78, 77): 231.3059428401053, (78, 79): 231.3059428401053, (79, 79): -231.3059428401053, (79, 70): 231.3059428401053, (79, 71): 231.3059428401053, (79, 72): 231.3059428401053, (79, 73): 231.3059428401053, (79, 74): 231.3059428401053, (79, 75): 231.3059428401053, (79, 76): 231.3059428401053, (79, 77): 231.3059428401053, (79, 78): 231.3059428401053, (80, 80): -231.3059428401053, (80, 81): 231.3059428401053, (80, 82): 231.3059428401053, (80, 83): 231.3059428401053, (80, 84): 231.3059428401053, (80, 85): 231.3059428401053, (80, 86): 231.3059428401053, (80, 87): 231.3059428401053, (80, 88): 231.3059428401053, (80, 89): 231.3059428401053, (81, 81): -231.3059428401053, (81, 80): 231.3059428401053, (81, 82): 231.3059428401053, (81, 83): 231.3059428401053, (81, 84): 231.3059428401053, (81, 85): 231.3059428401053, (81, 86): 231.3059428401053, (81, 87): 231.3059428401053, (81, 88): 231.3059428401053, (81, 89): 231.3059428401053, (82, 82): -231.3059428401053, (82, 80): 231.3059428401053, (82, 81): 231.3059428401053, (82, 83): 231.3059428401053, (82, 84): 231.3059428401053, (82, 85): 231.3059428401053, (82, 86): 231.3059428401053, (82, 87): 231.3059428401053, (82, 88): 231.3059428401053, (82, 89): 231.3059428401053, (83, 83): -231.3059428401053, (83, 80): 231.3059428401053, (83, 81): 231.3059428401053, (83, 82): 231.3059428401053, (83, 84): 231.3059428401053, (83, 85): 231.3059428401053, (83, 86): 231.3059428401053, (83, 87): 231.3059428401053, (83, 88): 231.3059428401053, (83, 89): 231.3059428401053, (84, 84): -231.3059428401053, (84, 80): 231.3059428401053, (84, 81): 231.3059428401053, (84, 82): 231.3059428401053, (84, 83): 231.3059428401053, (84, 85): 231.3059428401053, (84, 86): 231.3059428401053, (84, 87): 231.3059428401053, (84, 88): 231.3059428401053, (84, 89): 231.3059428401053, (85, 85): -231.3059428401053, (85, 80): 231.3059428401053, (85, 81): 231.3059428401053, (85, 82): 231.3059428401053, (85, 83): 231.3059428401053, (85, 84): 231.3059428401053, (85, 86): 231.3059428401053, (85, 87): 231.3059428401053, (85, 88): 231.3059428401053, (85, 89): 231.3059428401053, (86, 86): -231.3059428401053, (86, 80): 231.3059428401053, (86, 81): 231.3059428401053, (86, 82): 231.3059428401053, (86, 83): 231.3059428401053, (86, 84): 231.3059428401053, (86, 85): 231.3059428401053, (86, 87): 231.3059428401053, (86, 88): 231.3059428401053, (86, 89): 231.3059428401053, (87, 87): -231.3059428401053, (87, 80): 231.3059428401053, (87, 81): 231.3059428401053, (87, 82): 231.3059428401053, (87, 83): 231.3059428401053, (87, 84): 231.3059428401053, (87, 85): 231.3059428401053, (87, 86): 231.3059428401053, (87, 88): 231.3059428401053, (87, 89): 231.3059428401053, (88, 88): -231.3059428401053, (88, 80): 231.3059428401053, (88, 81): 231.3059428401053, (88, 82): 231.3059428401053, (88, 83): 231.3059428401053, (88, 84): 231.3059428401053, (88, 85): 231.3059428401053, (88, 86): 231.3059428401053, (88, 87): 231.3059428401053, (88, 89): 231.3059428401053, (89, 89): -231.3059428401053, (89, 80): 231.3059428401053, (89, 81): 231.3059428401053, (89, 82): 231.3059428401053, (89, 83): 231.3059428401053, (89, 84): 231.3059428401053, (89, 85): 231.3059428401053, (89, 86): 231.3059428401053, (89, 87): 231.3059428401053, (89, 88): 231.3059428401053, (90, 90): -231.3059428401053, (90, 91): 231.3059428401053, (90, 92): 231.3059428401053, (90, 93): 231.3059428401053, (90, 94): 231.3059428401053, (90, 95): 231.3059428401053, (90, 96): 231.3059428401053, (90, 97): 231.3059428401053, (90, 98): 231.3059428401053, (90, 99): 231.3059428401053, (91, 91): -231.3059428401053, (91, 90): 231.3059428401053, (91, 92): 231.3059428401053, (91, 93): 231.3059428401053, (91, 94): 231.3059428401053, (91, 95): 231.3059428401053, (91, 96): 231.3059428401053, (91, 97): 231.3059428401053, (91, 98): 231.3059428401053, (91, 99): 231.3059428401053, (92, 92): -231.3059428401053, (92, 90): 231.3059428401053, (92, 91): 231.3059428401053, (92, 93): 231.3059428401053, (92, 94): 231.3059428401053, (92, 95): 231.3059428401053, (92, 96): 231.3059428401053, (92, 97): 231.3059428401053, (92, 98): 231.3059428401053, (92, 99): 231.3059428401053, (93, 93): -231.3059428401053, (93, 90): 231.3059428401053, (93, 91): 231.3059428401053, (93, 92): 231.3059428401053, (93, 94): 231.3059428401053, (93, 95): 231.3059428401053, (93, 96): 231.3059428401053, (93, 97): 231.3059428401053, (93, 98): 231.3059428401053, (93, 99): 231.3059428401053, (94, 94): -231.3059428401053, (94, 90): 231.3059428401053, (94, 91): 231.3059428401053, (94, 92): 231.3059428401053, (94, 93): 231.3059428401053, (94, 95): 231.3059428401053, (94, 96): 231.3059428401053, (94, 97): 231.3059428401053, (94, 98): 231.3059428401053, (94, 99): 231.3059428401053, (95, 95): -231.3059428401053, (95, 90): 231.3059428401053, (95, 91): 231.3059428401053, (95, 92): 231.3059428401053, (95, 93): 231.3059428401053, (95, 94): 231.3059428401053, (95, 96): 231.3059428401053, (95, 97): 231.3059428401053, (95, 98): 231.3059428401053, (95, 99): 231.3059428401053, (96, 96): -231.3059428401053, (96, 90): 231.3059428401053, (96, 91): 231.3059428401053, (96, 92): 231.3059428401053, (96, 93): 231.3059428401053, (96, 94): 231.3059428401053, (96, 95): 231.3059428401053, (96, 97): 231.3059428401053, (96, 98): 231.3059428401053, (96, 99): 231.3059428401053, (97, 97): -231.3059428401053, (97, 90): 231.3059428401053, (97, 91): 231.3059428401053, (97, 92): 231.3059428401053, (97, 93): 231.3059428401053, (97, 94): 231.3059428401053, (97, 95): 231.3059428401053, (97, 96): 231.3059428401053, (97, 98): 231.3059428401053, (97, 99): 231.3059428401053, (98, 98): -231.3059428401053, (98, 90): 231.3059428401053, (98, 91): 231.3059428401053, (98, 92): 231.3059428401053, (98, 93): 231.3059428401053, (98, 94): 231.3059428401053, (98, 95): 231.3059428401053, (98, 96): 231.3059428401053, (98, 97): 231.3059428401053, (98, 99): 231.3059428401053, (99, 99): -231.3059428401053, (99, 90): 231.3059428401053, (99, 91): 231.3059428401053, (99, 92): 231.3059428401053, (99, 93): 231.3059428401053, (99, 94): 231.3059428401053, (99, 95): 231.3059428401053, (99, 96): 231.3059428401053, (99, 97): 231.3059428401053, (99, 98): 231.3059428401053, (0, 10): 231.3059428401053, (0, 20): 231.3059428401053, (0, 30): 231.3059428401053, (0, 40): 231.3059428401053, (0, 50): 231.3059428401053, (0, 60): 231.3059428401053, (0, 70): 231.3059428401053, (0, 80): 231.3059428401053, (0, 90): 231.3059428401053, (10, 0): 231.3059428401053, (10, 20): 231.3059428401053, (10, 30): 231.3059428401053, (10, 40): 231.3059428401053, (10, 50): 231.3059428401053, (10, 60): 231.3059428401053, (10, 70): 231.3059428401053, (10, 80): 231.3059428401053, (10, 90): 231.3059428401053, (20, 0): 231.3059428401053, (20, 10): 231.3059428401053, (20, 30): 231.3059428401053, (20, 40): 231.3059428401053, (20, 50): 231.3059428401053, (20, 60): 231.3059428401053, (20, 70): 231.3059428401053, (20, 80): 231.3059428401053, (20, 90): 231.3059428401053, (30, 0): 231.3059428401053, (30, 10): 231.3059428401053, (30, 20): 231.3059428401053, (30, 40): 231.3059428401053, (30, 50): 231.3059428401053, (30, 60): 231.3059428401053, (30, 70): 231.3059428401053, (30, 80): 231.3059428401053, (30, 90): 231.3059428401053, (40, 0): 231.3059428401053, (40, 10): 231.3059428401053, (40, 20): 231.3059428401053, (40, 30): 231.3059428401053, (40, 50): 231.3059428401053, (40, 60): 231.3059428401053, (40, 70): 231.3059428401053, (40, 80): 231.3059428401053, (40, 90): 231.3059428401053, (50, 0): 231.3059428401053, (50, 10): 231.3059428401053, (50, 20): 231.3059428401053, (50, 30): 231.3059428401053, (50, 40): 231.3059428401053, (50, 60): 231.3059428401053, (50, 70): 231.3059428401053, (50, 80): 231.3059428401053, (50, 90): 231.3059428401053, (60, 0): 231.3059428401053, (60, 10): 231.3059428401053, (60, 20): 231.3059428401053, (60, 30): 231.3059428401053, (60, 40): 231.3059428401053, (60, 50): 231.3059428401053, (60, 70): 231.3059428401053, (60, 80): 231.3059428401053, (60, 90): 231.3059428401053, (70, 0): 231.3059428401053, (70, 10): 231.3059428401053, (70, 20): 231.3059428401053, (70, 30): 231.3059428401053, (70, 40): 231.3059428401053, (70, 50): 231.3059428401053, (70, 60): 231.3059428401053, (70, 80): 231.3059428401053, (70, 90): 231.3059428401053, (80, 0): 231.3059428401053, (80, 10): 231.3059428401053, (80, 20): 231.3059428401053, (80, 30): 231.3059428401053, (80, 40): 231.3059428401053, (80, 50): 231.3059428401053, (80, 60): 231.3059428401053, (80, 70): 231.3059428401053, (80, 90): 231.3059428401053, (90, 0): 231.3059428401053, (90, 10): 231.3059428401053, (90, 20): 231.3059428401053, (90, 30): 231.3059428401053, (90, 40): 231.3059428401053, (90, 50): 231.3059428401053, (90, 60): 231.3059428401053, (90, 70): 231.3059428401053, (90, 80): 231.3059428401053, (1, 11): 231.3059428401053, (1, 21): 231.3059428401053, (1, 31): 231.3059428401053, (1, 41): 231.3059428401053, (1, 51): 231.3059428401053, (1, 61): 231.3059428401053, (1, 71): 231.3059428401053, (1, 81): 231.3059428401053, (1, 91): 231.3059428401053, (11, 1): 231.3059428401053, (11, 21): 231.3059428401053, (11, 31): 231.3059428401053, (11, 41): 231.3059428401053, (11, 51): 231.3059428401053, (11, 61): 231.3059428401053, (11, 71): 231.3059428401053, (11, 81): 231.3059428401053, (11, 91): 231.3059428401053, (21, 1): 231.3059428401053, (21, 11): 231.3059428401053, (21, 31): 231.3059428401053, (21, 41): 231.3059428401053, (21, 51): 231.3059428401053, (21, 61): 231.3059428401053, (21, 71): 231.3059428401053, (21, 81): 231.3059428401053, (21, 91): 231.3059428401053, (31, 1): 231.3059428401053, (31, 11): 231.3059428401053, (31, 21): 231.3059428401053, (31, 41): 231.3059428401053, (31, 51): 231.3059428401053, (31, 61): 231.3059428401053, (31, 71): 231.3059428401053, (31, 81): 231.3059428401053, (31, 91): 231.3059428401053, (41, 1): 231.3059428401053, (41, 11): 231.3059428401053, (41, 21): 231.3059428401053, (41, 31): 231.3059428401053, (41, 51): 231.3059428401053, (41, 61): 231.3059428401053, (41, 71): 231.3059428401053, (41, 81): 231.3059428401053, (41, 91): 231.3059428401053, (51, 1): 231.3059428401053, (51, 11): 231.3059428401053, (51, 21): 231.3059428401053, (51, 31): 231.3059428401053, (51, 41): 231.3059428401053, (51, 61): 231.3059428401053, (51, 71): 231.3059428401053, (51, 81): 231.3059428401053, (51, 91): 231.3059428401053, (61, 1): 231.3059428401053, (61, 11): 231.3059428401053, (61, 21): 231.3059428401053, (61, 31): 231.3059428401053, (61, 41): 231.3059428401053, (61, 51): 231.3059428401053, (61, 71): 231.3059428401053, (61, 81): 231.3059428401053, (61, 91): 231.3059428401053, (71, 1): 231.3059428401053, (71, 11): 231.3059428401053, (71, 21): 231.3059428401053, (71, 31): 231.3059428401053, (71, 41): 231.3059428401053, (71, 51): 231.3059428401053, (71, 61): 231.3059428401053, (71, 81): 231.3059428401053, (71, 91): 231.3059428401053, (81, 1): 231.3059428401053, (81, 11): 231.3059428401053, (81, 21): 231.3059428401053, (81, 31): 231.3059428401053, (81, 41): 231.3059428401053, (81, 51): 231.3059428401053, (81, 61): 231.3059428401053, (81, 71): 231.3059428401053, (81, 91): 231.3059428401053, (91, 1): 231.3059428401053, (91, 11): 231.3059428401053, (91, 21): 231.3059428401053, (91, 31): 231.3059428401053, (91, 41): 231.3059428401053, (91, 51): 231.3059428401053, (91, 61): 231.3059428401053, (91, 71): 231.3059428401053, (91, 81): 231.3059428401053, (2, 12): 231.3059428401053, (2, 22): 231.3059428401053, (2, 32): 231.3059428401053, (2, 42): 231.3059428401053, (2, 52): 231.3059428401053, (2, 62): 231.3059428401053, (2, 72): 231.3059428401053, (2, 82): 231.3059428401053, (2, 92): 231.3059428401053, (12, 2): 231.3059428401053, (12, 22): 231.3059428401053, (12, 32): 231.3059428401053, (12, 42): 231.3059428401053, (12, 52): 231.3059428401053, (12, 62): 231.3059428401053, (12, 72): 231.3059428401053, (12, 82): 231.3059428401053, (12, 92): 231.3059428401053, (22, 2): 231.3059428401053, (22, 12): 231.3059428401053, (22, 32): 231.3059428401053, (22, 42): 231.3059428401053, (22, 52): 231.3059428401053, (22, 62): 231.3059428401053, (22, 72): 231.3059428401053, (22, 82): 231.3059428401053, (22, 92): 231.3059428401053, (32, 2): 231.3059428401053, (32, 12): 231.3059428401053, (32, 22): 231.3059428401053, (32, 42): 231.3059428401053, (32, 52): 231.3059428401053, (32, 62): 231.3059428401053, (32, 72): 231.3059428401053, (32, 82): 231.3059428401053, (32, 92): 231.3059428401053, (42, 2): 231.3059428401053, (42, 12): 231.3059428401053, (42, 22): 231.3059428401053, (42, 32): 231.3059428401053, (42, 52): 231.3059428401053, (42, 62): 231.3059428401053, (42, 72): 231.3059428401053, (42, 82): 231.3059428401053, (42, 92): 231.3059428401053, (52, 2): 231.3059428401053, (52, 12): 231.3059428401053, (52, 22): 231.3059428401053, (52, 32): 231.3059428401053, (52, 42): 231.3059428401053, (52, 62): 231.3059428401053, (52, 72): 231.3059428401053, (52, 82): 231.3059428401053, (52, 92): 231.3059428401053, (62, 2): 231.3059428401053, (62, 12): 231.3059428401053, (62, 22): 231.3059428401053, (62, 32): 231.3059428401053, (62, 42): 231.3059428401053, (62, 52): 231.3059428401053, (62, 72): 231.3059428401053, (62, 82): 231.3059428401053, (62, 92): 231.3059428401053, (72, 2): 231.3059428401053, (72, 12): 231.3059428401053, (72, 22): 231.3059428401053, (72, 32): 231.3059428401053, (72, 42): 231.3059428401053, (72, 52): 231.3059428401053, (72, 62): 231.3059428401053, (72, 82): 231.3059428401053, (72, 92): 231.3059428401053, (82, 2): 231.3059428401053, (82, 12): 231.3059428401053, (82, 22): 231.3059428401053, (82, 32): 231.3059428401053, (82, 42): 231.3059428401053, (82, 52): 231.3059428401053, (82, 62): 231.3059428401053, (82, 72): 231.3059428401053, (82, 92): 231.3059428401053, (92, 2): 231.3059428401053, (92, 12): 231.3059428401053, (92, 22): 231.3059428401053, (92, 32): 231.3059428401053, (92, 42): 231.3059428401053, (92, 52): 231.3059428401053, (92, 62): 231.3059428401053, (92, 72): 231.3059428401053, (92, 82): 231.3059428401053, (3, 13): 231.3059428401053, (3, 23): 231.3059428401053, (3, 33): 231.3059428401053, (3, 43): 231.3059428401053, (3, 53): 231.3059428401053, (3, 63): 231.3059428401053, (3, 73): 231.3059428401053, (3, 83): 231.3059428401053, (3, 93): 231.3059428401053, (13, 3): 231.3059428401053, (13, 23): 231.3059428401053, (13, 33): 231.3059428401053, (13, 43): 231.3059428401053, (13, 53): 231.3059428401053, (13, 63): 231.3059428401053, (13, 73): 231.3059428401053, (13, 83): 231.3059428401053, (13, 93): 231.3059428401053, (23, 3): 231.3059428401053, (23, 13): 231.3059428401053, (23, 33): 231.3059428401053, (23, 43): 231.3059428401053, (23, 53): 231.3059428401053, (23, 63): 231.3059428401053, (23, 73): 231.3059428401053, (23, 83): 231.3059428401053, (23, 93): 231.3059428401053, (33, 3): 231.3059428401053, (33, 13): 231.3059428401053, (33, 23): 231.3059428401053, (33, 43): 231.3059428401053, (33, 53): 231.3059428401053, (33, 63): 231.3059428401053, (33, 73): 231.3059428401053, (33, 83): 231.3059428401053, (33, 93): 231.3059428401053, (43, 3): 231.3059428401053, (43, 13): 231.3059428401053, (43, 23): 231.3059428401053, (43, 33): 231.3059428401053, (43, 53): 231.3059428401053, (43, 63): 231.3059428401053, (43, 73): 231.3059428401053, (43, 83): 231.3059428401053, (43, 93): 231.3059428401053, (53, 3): 231.3059428401053, (53, 13): 231.3059428401053, (53, 23): 231.3059428401053, (53, 33): 231.3059428401053, (53, 43): 231.3059428401053, (53, 63): 231.3059428401053, (53, 73): 231.3059428401053, (53, 83): 231.3059428401053, (53, 93): 231.3059428401053, (63, 3): 231.3059428401053, (63, 13): 231.3059428401053, (63, 23): 231.3059428401053, (63, 33): 231.3059428401053, (63, 43): 231.3059428401053, (63, 53): 231.3059428401053, (63, 73): 231.3059428401053, (63, 83): 231.3059428401053, (63, 93): 231.3059428401053, (73, 3): 231.3059428401053, (73, 13): 231.3059428401053, (73, 23): 231.3059428401053, (73, 33): 231.3059428401053, (73, 43): 231.3059428401053, (73, 53): 231.3059428401053, (73, 63): 231.3059428401053, (73, 83): 231.3059428401053, (73, 93): 231.3059428401053, (83, 3): 231.3059428401053, (83, 13): 231.3059428401053, (83, 23): 231.3059428401053, (83, 33): 231.3059428401053, (83, 43): 231.3059428401053, (83, 53): 231.3059428401053, (83, 63): 231.3059428401053, (83, 73): 231.3059428401053, (83, 93): 231.3059428401053, (93, 3): 231.3059428401053, (93, 13): 231.3059428401053, (93, 23): 231.3059428401053, (93, 33): 231.3059428401053, (93, 43): 231.3059428401053, (93, 53): 231.3059428401053, (93, 63): 231.3059428401053, (93, 73): 231.3059428401053, (93, 83): 231.3059428401053, (4, 14): 231.3059428401053, (4, 24): 231.3059428401053, (4, 34): 231.3059428401053, (4, 44): 231.3059428401053, (4, 54): 231.3059428401053, (4, 64): 231.3059428401053, (4, 74): 231.3059428401053, (4, 84): 231.3059428401053, (4, 94): 231.3059428401053, (14, 4): 231.3059428401053, (14, 24): 231.3059428401053, (14, 34): 231.3059428401053, (14, 44): 231.3059428401053, (14, 54): 231.3059428401053, (14, 64): 231.3059428401053, (14, 74): 231.3059428401053, (14, 84): 231.3059428401053, (14, 94): 231.3059428401053, (24, 4): 231.3059428401053, (24, 14): 231.3059428401053, (24, 34): 231.3059428401053, (24, 44): 231.3059428401053, (24, 54): 231.3059428401053, (24, 64): 231.3059428401053, (24, 74): 231.3059428401053, (24, 84): 231.3059428401053, (24, 94): 231.3059428401053, (34, 4): 231.3059428401053, (34, 14): 231.3059428401053, (34, 24): 231.3059428401053, (34, 44): 231.3059428401053, (34, 54): 231.3059428401053, (34, 64): 231.3059428401053, (34, 74): 231.3059428401053, (34, 84): 231.3059428401053, (34, 94): 231.3059428401053, (44, 4): 231.3059428401053, (44, 14): 231.3059428401053, (44, 24): 231.3059428401053, (44, 34): 231.3059428401053, (44, 54): 231.3059428401053, (44, 64): 231.3059428401053, (44, 74): 231.3059428401053, (44, 84): 231.3059428401053, (44, 94): 231.3059428401053, (54, 4): 231.3059428401053, (54, 14): 231.3059428401053, (54, 24): 231.3059428401053, (54, 34): 231.3059428401053, (54, 44): 231.3059428401053, (54, 64): 231.3059428401053, (54, 74): 231.3059428401053, (54, 84): 231.3059428401053, (54, 94): 231.3059428401053, (64, 4): 231.3059428401053, (64, 14): 231.3059428401053, (64, 24): 231.3059428401053, (64, 34): 231.3059428401053, (64, 44): 231.3059428401053, (64, 54): 231.3059428401053, (64, 74): 231.3059428401053, (64, 84): 231.3059428401053, (64, 94): 231.3059428401053, (74, 4): 231.3059428401053, (74, 14): 231.3059428401053, (74, 24): 231.3059428401053, (74, 34): 231.3059428401053, (74, 44): 231.3059428401053, (74, 54): 231.3059428401053, (74, 64): 231.3059428401053, (74, 84): 231.3059428401053, (74, 94): 231.3059428401053, (84, 4): 231.3059428401053, (84, 14): 231.3059428401053, (84, 24): 231.3059428401053, (84, 34): 231.3059428401053, (84, 44): 231.3059428401053, (84, 54): 231.3059428401053, (84, 64): 231.3059428401053, (84, 74): 231.3059428401053, (84, 94): 231.3059428401053, (94, 4): 231.3059428401053, (94, 14): 231.3059428401053, (94, 24): 231.3059428401053, (94, 34): 231.3059428401053, (94, 44): 231.3059428401053, (94, 54): 231.3059428401053, (94, 64): 231.3059428401053, (94, 74): 231.3059428401053, (94, 84): 231.3059428401053, (5, 15): 231.3059428401053, (5, 25): 231.3059428401053, (5, 35): 231.3059428401053, (5, 45): 231.3059428401053, (5, 55): 231.3059428401053, (5, 65): 231.3059428401053, (5, 75): 231.3059428401053, (5, 85): 231.3059428401053, (5, 95): 231.3059428401053, (15, 5): 231.3059428401053, (15, 25): 231.3059428401053, (15, 35): 231.3059428401053, (15, 45): 231.3059428401053, (15, 55): 231.3059428401053, (15, 65): 231.3059428401053, (15, 75): 231.3059428401053, (15, 85): 231.3059428401053, (15, 95): 231.3059428401053, (25, 5): 231.3059428401053, (25, 15): 231.3059428401053, (25, 35): 231.3059428401053, (25, 45): 231.3059428401053, (25, 55): 231.3059428401053, (25, 65): 231.3059428401053, (25, 75): 231.3059428401053, (25, 85): 231.3059428401053, (25, 95): 231.3059428401053, (35, 5): 231.3059428401053, (35, 15): 231.3059428401053, (35, 25): 231.3059428401053, (35, 45): 231.3059428401053, (35, 55): 231.3059428401053, (35, 65): 231.3059428401053, (35, 75): 231.3059428401053, (35, 85): 231.3059428401053, (35, 95): 231.3059428401053, (45, 5): 231.3059428401053, (45, 15): 231.3059428401053, (45, 25): 231.3059428401053, (45, 35): 231.3059428401053, (45, 55): 231.3059428401053, (45, 65): 231.3059428401053, (45, 75): 231.3059428401053, (45, 85): 231.3059428401053, (45, 95): 231.3059428401053, (55, 5): 231.3059428401053, (55, 15): 231.3059428401053, (55, 25): 231.3059428401053, (55, 35): 231.3059428401053, (55, 45): 231.3059428401053, (55, 65): 231.3059428401053, (55, 75): 231.3059428401053, (55, 85): 231.3059428401053, (55, 95): 231.3059428401053, (65, 5): 231.3059428401053, (65, 15): 231.3059428401053, (65, 25): 231.3059428401053, (65, 35): 231.3059428401053, (65, 45): 231.3059428401053, (65, 55): 231.3059428401053, (65, 75): 231.3059428401053, (65, 85): 231.3059428401053, (65, 95): 231.3059428401053, (75, 5): 231.3059428401053, (75, 15): 231.3059428401053, (75, 25): 231.3059428401053, (75, 35): 231.3059428401053, (75, 45): 231.3059428401053, (75, 55): 231.3059428401053, (75, 65): 231.3059428401053, (75, 85): 231.3059428401053, (75, 95): 231.3059428401053, (85, 5): 231.3059428401053, (85, 15): 231.3059428401053, (85, 25): 231.3059428401053, (85, 35): 231.3059428401053, (85, 45): 231.3059428401053, (85, 55): 231.3059428401053, (85, 65): 231.3059428401053, (85, 75): 231.3059428401053, (85, 95): 231.3059428401053, (95, 5): 231.3059428401053, (95, 15): 231.3059428401053, (95, 25): 231.3059428401053, (95, 35): 231.3059428401053, (95, 45): 231.3059428401053, (95, 55): 231.3059428401053, (95, 65): 231.3059428401053, (95, 75): 231.3059428401053, (95, 85): 231.3059428401053, (6, 16): 231.3059428401053, (6, 26): 231.3059428401053, (6, 36): 231.3059428401053, (6, 46): 231.3059428401053, (6, 56): 231.3059428401053, (6, 66): 231.3059428401053, (6, 76): 231.3059428401053, (6, 86): 231.3059428401053, (6, 96): 231.3059428401053, (16, 6): 231.3059428401053, (16, 26): 231.3059428401053, (16, 36): 231.3059428401053, (16, 46): 231.3059428401053, (16, 56): 231.3059428401053, (16, 66): 231.3059428401053, (16, 76): 231.3059428401053, (16, 86): 231.3059428401053, (16, 96): 231.3059428401053, (26, 6): 231.3059428401053, (26, 16): 231.3059428401053, (26, 36): 231.3059428401053, (26, 46): 231.3059428401053, (26, 56): 231.3059428401053, (26, 66): 231.3059428401053, (26, 76): 231.3059428401053, (26, 86): 231.3059428401053, (26, 96): 231.3059428401053, (36, 6): 231.3059428401053, (36, 16): 231.3059428401053, (36, 26): 231.3059428401053, (36, 46): 231.3059428401053, (36, 56): 231.3059428401053, (36, 66): 231.3059428401053, (36, 76): 231.3059428401053, (36, 86): 231.3059428401053, (36, 96): 231.3059428401053, (46, 6): 231.3059428401053, (46, 16): 231.3059428401053, (46, 26): 231.3059428401053, (46, 36): 231.3059428401053, (46, 56): 231.3059428401053, (46, 66): 231.3059428401053, (46, 76): 231.3059428401053, (46, 86): 231.3059428401053, (46, 96): 231.3059428401053, (56, 6): 231.3059428401053, (56, 16): 231.3059428401053, (56, 26): 231.3059428401053, (56, 36): 231.3059428401053, (56, 46): 231.3059428401053, (56, 66): 231.3059428401053, (56, 76): 231.3059428401053, (56, 86): 231.3059428401053, (56, 96): 231.3059428401053, (66, 6): 231.3059428401053, (66, 16): 231.3059428401053, (66, 26): 231.3059428401053, (66, 36): 231.3059428401053, (66, 46): 231.3059428401053, (66, 56): 231.3059428401053, (66, 76): 231.3059428401053, (66, 86): 231.3059428401053, (66, 96): 231.3059428401053, (76, 6): 231.3059428401053, (76, 16): 231.3059428401053, (76, 26): 231.3059428401053, (76, 36): 231.3059428401053, (76, 46): 231.3059428401053, (76, 56): 231.3059428401053, (76, 66): 231.3059428401053, (76, 86): 231.3059428401053, (76, 96): 231.3059428401053, (86, 6): 231.3059428401053, (86, 16): 231.3059428401053, (86, 26): 231.3059428401053, (86, 36): 231.3059428401053, (86, 46): 231.3059428401053, (86, 56): 231.3059428401053, (86, 66): 231.3059428401053, (86, 76): 231.3059428401053, (86, 96): 231.3059428401053, (96, 6): 231.3059428401053, (96, 16): 231.3059428401053, (96, 26): 231.3059428401053, (96, 36): 231.3059428401053, (96, 46): 231.3059428401053, (96, 56): 231.3059428401053, (96, 66): 231.3059428401053, (96, 76): 231.3059428401053, (96, 86): 231.3059428401053, (7, 17): 231.3059428401053, (7, 27): 231.3059428401053, (7, 37): 231.3059428401053, (7, 47): 231.3059428401053, (7, 57): 231.3059428401053, (7, 67): 231.3059428401053, (7, 77): 231.3059428401053, (7, 87): 231.3059428401053, (7, 97): 231.3059428401053, (17, 7): 231.3059428401053, (17, 27): 231.3059428401053, (17, 37): 231.3059428401053, (17, 47): 231.3059428401053, (17, 57): 231.3059428401053, (17, 67): 231.3059428401053, (17, 77): 231.3059428401053, (17, 87): 231.3059428401053, (17, 97): 231.3059428401053, (27, 7): 231.3059428401053, (27, 17): 231.3059428401053, (27, 37): 231.3059428401053, (27, 47): 231.3059428401053, (27, 57): 231.3059428401053, (27, 67): 231.3059428401053, (27, 77): 231.3059428401053, (27, 87): 231.3059428401053, (27, 97): 231.3059428401053, (37, 7): 231.3059428401053, (37, 17): 231.3059428401053, (37, 27): 231.3059428401053, (37, 47): 231.3059428401053, (37, 57): 231.3059428401053, (37, 67): 231.3059428401053, (37, 77): 231.3059428401053, (37, 87): 231.3059428401053, (37, 97): 231.3059428401053, (47, 7): 231.3059428401053, (47, 17): 231.3059428401053, (47, 27): 231.3059428401053, (47, 37): 231.3059428401053, (47, 57): 231.3059428401053, (47, 67): 231.3059428401053, (47, 77): 231.3059428401053, (47, 87): 231.3059428401053, (47, 97): 231.3059428401053, (57, 7): 231.3059428401053, (57, 17): 231.3059428401053, (57, 27): 231.3059428401053, (57, 37): 231.3059428401053, (57, 47): 231.3059428401053, (57, 67): 231.3059428401053, (57, 77): 231.3059428401053, (57, 87): 231.3059428401053, (57, 97): 231.3059428401053, (67, 7): 231.3059428401053, (67, 17): 231.3059428401053, (67, 27): 231.3059428401053, (67, 37): 231.3059428401053, (67, 47): 231.3059428401053, (67, 57): 231.3059428401053, (67, 77): 231.3059428401053, (67, 87): 231.3059428401053, (67, 97): 231.3059428401053, (77, 7): 231.3059428401053, (77, 17): 231.3059428401053, (77, 27): 231.3059428401053, (77, 37): 231.3059428401053, (77, 47): 231.3059428401053, (77, 57): 231.3059428401053, (77, 67): 231.3059428401053, (77, 87): 231.3059428401053, (77, 97): 231.3059428401053, (87, 7): 231.3059428401053, (87, 17): 231.3059428401053, (87, 27): 231.3059428401053, (87, 37): 231.3059428401053, (87, 47): 231.3059428401053, (87, 57): 231.3059428401053, (87, 67): 231.3059428401053, (87, 77): 231.3059428401053, (87, 97): 231.3059428401053, (97, 7): 231.3059428401053, (97, 17): 231.3059428401053, (97, 27): 231.3059428401053, (97, 37): 231.3059428401053, (97, 47): 231.3059428401053, (97, 57): 231.3059428401053, (97, 67): 231.3059428401053, (97, 77): 231.3059428401053, (97, 87): 231.3059428401053, (8, 18): 231.3059428401053, (8, 28): 231.3059428401053, (8, 38): 231.3059428401053, (8, 48): 231.3059428401053, (8, 58): 231.3059428401053, (8, 68): 231.3059428401053, (8, 78): 231.3059428401053, (8, 88): 231.3059428401053, (8, 98): 231.3059428401053, (18, 8): 231.3059428401053, (18, 28): 231.3059428401053, (18, 38): 231.3059428401053, (18, 48): 231.3059428401053, (18, 58): 231.3059428401053, (18, 68): 231.3059428401053, (18, 78): 231.3059428401053, (18, 88): 231.3059428401053, (18, 98): 231.3059428401053, (28, 8): 231.3059428401053, (28, 18): 231.3059428401053, (28, 38): 231.3059428401053, (28, 48): 231.3059428401053, (28, 58): 231.3059428401053, (28, 68): 231.3059428401053, (28, 78): 231.3059428401053, (28, 88): 231.3059428401053, (28, 98): 231.3059428401053, (38, 8): 231.3059428401053, (38, 18): 231.3059428401053, (38, 28): 231.3059428401053, (38, 48): 231.3059428401053, (38, 58): 231.3059428401053, (38, 68): 231.3059428401053, (38, 78): 231.3059428401053, (38, 88): 231.3059428401053, (38, 98): 231.3059428401053, (48, 8): 231.3059428401053, (48, 18): 231.3059428401053, (48, 28): 231.3059428401053, (48, 38): 231.3059428401053, (48, 58): 231.3059428401053, (48, 68): 231.3059428401053, (48, 78): 231.3059428401053, (48, 88): 231.3059428401053, (48, 98): 231.3059428401053, (58, 8): 231.3059428401053, (58, 18): 231.3059428401053, (58, 28): 231.3059428401053, (58, 38): 231.3059428401053, (58, 48): 231.3059428401053, (58, 68): 231.3059428401053, (58, 78): 231.3059428401053, (58, 88): 231.3059428401053, (58, 98): 231.3059428401053, (68, 8): 231.3059428401053, (68, 18): 231.3059428401053, (68, 28): 231.3059428401053, (68, 38): 231.3059428401053, (68, 48): 231.3059428401053, (68, 58): 231.3059428401053, (68, 78): 231.3059428401053, (68, 88): 231.3059428401053, (68, 98): 231.3059428401053, (78, 8): 231.3059428401053, (78, 18): 231.3059428401053, (78, 28): 231.3059428401053, (78, 38): 231.3059428401053, (78, 48): 231.3059428401053, (78, 58): 231.3059428401053, (78, 68): 231.3059428401053, (78, 88): 231.3059428401053, (78, 98): 231.3059428401053, (88, 8): 231.3059428401053, (88, 18): 231.3059428401053, (88, 28): 231.3059428401053, (88, 38): 231.3059428401053, (88, 48): 231.3059428401053, (88, 58): 231.3059428401053, (88, 68): 231.3059428401053, (88, 78): 231.3059428401053, (88, 98): 231.3059428401053, (98, 8): 231.3059428401053, (98, 18): 231.3059428401053, (98, 28): 231.3059428401053, (98, 38): 231.3059428401053, (98, 48): 231.3059428401053, (98, 58): 231.3059428401053, (98, 68): 231.3059428401053, (98, 78): 231.3059428401053, (98, 88): 231.3059428401053, (9, 19): 231.3059428401053, (9, 29): 231.3059428401053, (9, 39): 231.3059428401053, (9, 49): 231.3059428401053, (9, 59): 231.3059428401053, (9, 69): 231.3059428401053, (9, 79): 231.3059428401053, (9, 89): 231.3059428401053, (9, 99): 231.3059428401053, (19, 9): 231.3059428401053, (19, 29): 231.3059428401053, (19, 39): 231.3059428401053, (19, 49): 231.3059428401053, (19, 59): 231.3059428401053, (19, 69): 231.3059428401053, (19, 79): 231.3059428401053, (19, 89): 231.3059428401053, (19, 99): 231.3059428401053, (29, 9): 231.3059428401053, (29, 19): 231.3059428401053, (29, 39): 231.3059428401053, (29, 49): 231.3059428401053, (29, 59): 231.3059428401053, (29, 69): 231.3059428401053, (29, 79): 231.3059428401053, (29, 89): 231.3059428401053, (29, 99): 231.3059428401053, (39, 9): 231.3059428401053, (39, 19): 231.3059428401053, (39, 29): 231.3059428401053, (39, 49): 231.3059428401053, (39, 59): 231.3059428401053, (39, 69): 231.3059428401053, (39, 79): 231.3059428401053, (39, 89): 231.3059428401053, (39, 99): 231.3059428401053, (49, 9): 231.3059428401053, (49, 19): 231.3059428401053, (49, 29): 231.3059428401053, (49, 39): 231.3059428401053, (49, 59): 231.3059428401053, (49, 69): 231.3059428401053, (49, 79): 231.3059428401053, (49, 89): 231.3059428401053, (49, 99): 231.3059428401053, (59, 9): 231.3059428401053, (59, 19): 231.3059428401053, (59, 29): 231.3059428401053, (59, 39): 231.3059428401053, (59, 49): 231.3059428401053, (59, 69): 231.3059428401053, (59, 79): 231.3059428401053, (59, 89): 231.3059428401053, (59, 99): 231.3059428401053, (69, 9): 231.3059428401053, (69, 19): 231.3059428401053, (69, 29): 231.3059428401053, (69, 39): 231.3059428401053, (69, 49): 231.3059428401053, (69, 59): 231.3059428401053, (69, 79): 231.3059428401053, (69, 89): 231.3059428401053, (69, 99): 231.3059428401053, (79, 9): 231.3059428401053, (79, 19): 231.3059428401053, (79, 29): 231.3059428401053, (79, 39): 231.3059428401053, (79, 49): 231.3059428401053, (79, 59): 231.3059428401053, (79, 69): 231.3059428401053, (79, 89): 231.3059428401053, (79, 99): 231.3059428401053, (89, 9): 231.3059428401053, (89, 19): 231.3059428401053, (89, 29): 231.3059428401053, (89, 39): 231.3059428401053, (89, 49): 231.3059428401053, (89, 59): 231.3059428401053, (89, 69): 231.3059428401053, (89, 79): 231.3059428401053, (89, 99): 231.3059428401053, (99, 9): 231.3059428401053, (99, 19): 231.3059428401053, (99, 29): 231.3059428401053, (99, 39): 231.3059428401053, (99, 49): 231.3059428401053, (99, 59): 231.3059428401053, (99, 69): 231.3059428401053, (99, 79): 231.3059428401053, (99, 89): 231.3059428401053}"
